topic-id,topic-code,topic-number,topic-name,unit,module,lesson-path,source-path,layer,nearest-integer-layer,course-map-index
534,PAL.1.1.1,1.1.1,Introduction to Ratios,1. Ratios & Percentages,1.1. Ratios,1. Ratios & Percentages/1.1. Ratios/Lessons/1.1.1. Introduction to Ratios.md,1. Ratios & Percentages/1.1. Ratios/Source/1.1.1. Introduction to Ratios,1,1,1
553,PAL.1.1.2,1.1.2,Equivalent Ratios,1. Ratios & Percentages,1.1. Ratios,1. Ratios & Percentages/1.1. Ratios/Lessons/1.1.2. Equivalent Ratios.md,1. Ratios & Percentages/1.1. Ratios/Source/1.1.2. Equivalent Ratios,2,2,2
552,PAL.1.1.3,1.1.3,Writing Ratios Using Fractions,1. Ratios & Percentages,1.1. Ratios,1. Ratios & Percentages/1.1. Ratios/Lessons/1.1.3. Writing Ratios Using Fractions.md,1. Ratios & Percentages/1.1. Ratios/Source/1.1.3. Writing Ratios Using Fractions,5,5,3
563,PAL.1.1.4,1.1.4,Reasoning With Equivalent Ratios,1. Ratios & Percentages,1.1. Ratios,1. Ratios & Percentages/1.1. Ratios/Lessons/1.1.4. Reasoning With Equivalent Ratios.md,1. Ratios & Percentages/1.1. Ratios/Source/1.1.4. Reasoning With Equivalent Ratios,6,6,4
3746,PAL.1.1.5,1.1.5,Further Reasoning With Equivalent Ratios,1. Ratios & Percentages,1.1. Ratios,1. Ratios & Percentages/1.1. Ratios/Lessons/1.1.5. Further Reasoning With Equivalent Ratios.md,1. Ratios & Percentages/1.1. Ratios/Source/1.1.5. Further Reasoning With Equivalent Ratios,7,7,5
554,PAL.1.1.6,1.1.6,Ratio Tables,1. Ratios & Percentages,1.1. Ratios,1. Ratios & Percentages/1.1. Ratios/Lessons/1.1.6. Ratio Tables.md,1. Ratios & Percentages/1.1. Ratios/Source/1.1.6. Ratio Tables,6,6,6
561,PAL.1.1.7,1.1.7,Graphing Ratios,1. Ratios & Percentages,1.1. Ratios,1. Ratios & Percentages/1.1. Ratios/Lessons/1.1.7. Graphing Ratios.md,1. Ratios & Percentages/1.1. Ratios/Source/1.1.7. Graphing Ratios,22,22,7
557,PAL.1.2.1,1.2.1,Unit Rates,1. Ratios & Percentages,1.2. Unit Rates,1. Ratios & Percentages/1.2. Unit Rates/Lessons/1.2.1. Unit Rates.md,1. Ratios & Percentages/1.2. Unit Rates/Source/1.2.1. Unit Rates,21,21,8
558,PAL.1.2.2,1.2.2,Solving Problems Using Unit Rates,1. Ratios & Percentages,1.2. Unit Rates,1. Ratios & Percentages/1.2. Unit Rates/Lessons/1.2.2. Solving Problems Using Unit Rates.md,1. Ratios & Percentages/1.2. Unit Rates/Source/1.2.2. Solving Problems Using Unit Rates,22,22,9
3593,PAL.1.2.3,1.2.3,Speed as a Unit Rate,1. Ratios & Percentages,1.2. Unit Rates,1. Ratios & Percentages/1.2. Unit Rates/Lessons/1.2.3. Speed as a Unit Rate.md,1. Ratios & Percentages/1.2. Unit Rates/Source/1.2.3. Speed as a Unit Rate,23,23,10
2550,PAL.1.2.4,1.2.4,Unit Rates Associated With Ratios of Fractions,1. Ratios & Percentages,1.2. Unit Rates,1. Ratios & Percentages/1.2. Unit Rates/Lessons/1.2.4. Unit Rates Associated With Ratios of Fractions.md,1. Ratios & Percentages/1.2. Unit Rates/Source/1.2.4. Unit Rates Associated With Ratios of Fractions,22,22,11
2551,PAL.1.2.5,1.2.5,Solving Unit Rate Problems Using Ratios of Fractions,1. Ratios & Percentages,1.2. Unit Rates,1. Ratios & Percentages/1.2. Unit Rates/Lessons/1.2.5. Solving Unit Rate Problems Using Ratios of Fractions.md,1. Ratios & Percentages/1.2. Unit Rates/Source/1.2.5. Solving Unit Rate Problems Using Ratios of Fractions,23,23,12
2553,PAL.1.3.1,1.3.1,Understanding Proportional Relationships Using Tables,1. Ratios & Percentages,1.3. Proportional Relationships,1. Ratios & Percentages/1.3. Proportional Relationships/Lessons/1.3.1. Understanding Proportional Relationships Using Tables.md,1. Ratios & Percentages/1.3. Proportional Relationships/Source/1.3.1. Understanding Proportional Relationships Using Tables,32,32,13
2552,PAL.1.3.2,1.3.2,Understanding Proportional Relationships Using Graphs,1. Ratios & Percentages,1.3. Proportional Relationships,1. Ratios & Percentages/1.3. Proportional Relationships/Lessons/1.3.2. Understanding Proportional Relationships Using Graphs.md,1. Ratios & Percentages/1.3. Proportional Relationships/Source/1.3.2. Understanding Proportional Relationships Using Graphs,33,33,14
2554,PAL.1.3.3,1.3.3,Understanding Proportional Relationships From Descriptions,1. Ratios & Percentages,1.3. Proportional Relationships,1. Ratios & Percentages/1.3. Proportional Relationships/Lessons/1.3.3. Understanding Proportional Relationships From Descriptions.md,1. Ratios & Percentages/1.3. Proportional Relationships/Source/1.3.3. Understanding Proportional Relationships From Descriptions,33,33,15
562,PAL.1.4.1,1.4.1,Understanding Percentages Using Models,1. Ratios & Percentages,1.4. Percentages,1. Ratios & Percentages/1.4. Percentages/Lessons/1.4.1. Understanding Percentages Using Models.md,1. Ratios & Percentages/1.4. Percentages/Source/1.4.1. Understanding Percentages Using Models,18,18,16
2451,PAL.1.4.2,1.4.2,Converting Between Percentages and Fractions,1. Ratios & Percentages,1.4. Percentages,1. Ratios & Percentages/1.4. Percentages/Lessons/1.4.2. Converting Between Percentages and Fractions.md,1. Ratios & Percentages/1.4. Percentages/Source/1.4.2. Converting Between Percentages and Fractions,19,19,17
2452,PAL.1.4.3,1.4.3,Converting Between Percentages and Decimals,1. Ratios & Percentages,1.4. Percentages,1. Ratios & Percentages/1.4. Percentages/Lessons/1.4.3. Converting Between Percentages and Decimals.md,1. Ratios & Percentages/1.4. Percentages/Source/1.4.3. Converting Between Percentages and Decimals,21,21,18
2453,PAL.1.4.4,1.4.4,Finding Part of a Number Given a Whole and a Percentage,1. Ratios & Percentages,1.4. Percentages,1. Ratios & Percentages/1.4. Percentages/Lessons/1.4.4. Finding Part of a Number Given a Whole and a Percentage.md,1. Ratios & Percentages/1.4. Percentages/Source/1.4.4. Finding Part of a Number Given a Whole and a Percentage,22,22,19
2454,PAL.1.4.5,1.4.5,Finding Part of a Number Given a Whole and a Percentage: Word Problems,1. Ratios & Percentages,1.4. Percentages,1. Ratios & Percentages/1.4. Percentages/Lessons/1.4.5. Finding Part of a Number Given a Whole and a Percentage- Word Problems.md,1. Ratios & Percentages/1.4. Percentages/Source/1.4.5. Finding Part of a Number Given a Whole and a Percentage- Word Problems,23,23,20
2455,PAL.1.4.6,1.4.6,Finding a Percentage Given Two Numbers,1. Ratios & Percentages,1.4. Percentages,1. Ratios & Percentages/1.4. Percentages/Lessons/1.4.6. Finding a Percentage Given Two Numbers.md,1. Ratios & Percentages/1.4. Percentages/Source/1.4.6. Finding a Percentage Given Two Numbers,23,23,21
3754,PAL.1.4.7,1.4.7,Finding a Percentage Given Two Numbers: Word Problems,1. Ratios & Percentages,1.4. Percentages,1. Ratios & Percentages/1.4. Percentages/Lessons/1.4.7. Finding a Percentage Given Two Numbers- Word Problems.md,1. Ratios & Percentages/1.4. Percentages/Source/1.4.7. Finding a Percentage Given Two Numbers- Word Problems,24,24,22
2456,PAL.1.4.8,1.4.8,Finding a Total Given a Part and a Percentage,1. Ratios & Percentages,1.4. Percentages,1. Ratios & Percentages/1.4. Percentages/Lessons/1.4.8. Finding a Total Given a Part and a Percentage.md,1. Ratios & Percentages/1.4. Percentages/Source/1.4.8. Finding a Total Given a Part and a Percentage,23,23,23
6642,PAL.1.4.9,1.4.9,Applying Percentages in Succession,1. Ratios & Percentages,1.4. Percentages,1. Ratios & Percentages/1.4. Percentages/Lessons/1.4.9. Applying Percentages in Succession.md,1. Ratios & Percentages/1.4. Percentages/Source/1.4.9. Applying Percentages in Succession,24,24,24
2560,PAL.1.5.1,1.5.1,Applying Percentage Increases,1. Ratios & Percentages,1.5. Percentage Change,1. Ratios & Percentages/1.5. Percentage Change/Lessons/1.5.1. Applying Percentage Increases.md,1. Ratios & Percentages/1.5. Percentage Change/Source/1.5.1. Applying Percentage Increases,24,24,25
6643,PAL.1.5.2,1.5.2,Applying Percentage Decreases,1. Ratios & Percentages,1.5. Percentage Change,1. Ratios & Percentages/1.5. Percentage Change/Lessons/1.5.2. Applying Percentage Decreases.md,1. Ratios & Percentages/1.5. Percentage Change/Source/1.5.2. Applying Percentage Decreases,25,25,26
6666,PAL.1.5.3,1.5.3,Calculating Percentage Change,1. Ratios & Percentages,1.5. Percentage Change,1. Ratios & Percentages/1.5. Percentage Change/Lessons/1.5.3. Calculating Percentage Change.md,1. Ratios & Percentages/1.5. Percentage Change/Source/1.5.3. Calculating Percentage Change,26,26,27
6646,PAL.1.5.4,1.5.4,Finding Original Values From Percentage Increases,1. Ratios & Percentages,1.5. Percentage Change,1. Ratios & Percentages/1.5. Percentage Change/Lessons/1.5.4. Finding Original Values From Percentage Increases.md,1. Ratios & Percentages/1.5. Percentage Change/Source/1.5.4. Finding Original Values From Percentage Increases,32,32,28
6663,PAL.1.5.5,1.5.5,Finding Original Values From Percentage Decreases,1. Ratios & Percentages,1.5. Percentage Change,1. Ratios & Percentages/1.5. Percentage Change/Lessons/1.5.5. Finding Original Values From Percentage Decreases.md,1. Ratios & Percentages/1.5. Percentage Change/Source/1.5.5. Finding Original Values From Percentage Decreases,32,32,29
327,PAL.2.1.1,2.1.1,Subtracting a Positive Number From a Smaller Positive Number,2. The Number System,2.1. Addition and Subtraction of Rational Numbers,2. The Number System/2.1. Addition and Subtraction of Rational Numbers/Lessons/2.1.1. Subtracting a Positive Number From a Smaller Positive Number.md,2. The Number System/2.1. Addition and Subtraction of Rational Numbers/Source/2.1.1. Subtracting a Positive Number From a Smaller Positive Number,16,16,30
3720,PAL.2.1.2,2.1.2,Subtracting a Positive Number From a Negative Number,2. The Number System,2.1. Addition and Subtraction of Rational Numbers,2. The Number System/2.1. Addition and Subtraction of Rational Numbers/Lessons/2.1.2. Subtracting a Positive Number From a Negative Number.md,2. The Number System/2.1. Addition and Subtraction of Rational Numbers/Source/2.1.2. Subtracting a Positive Number From a Negative Number,17,17,31
3679,PAL.2.1.3,2.1.3,Subtracting a Positive Fraction From a Smaller Fraction,2. The Number System,2.1. Addition and Subtraction of Rational Numbers,2. The Number System/2.1. Addition and Subtraction of Rational Numbers/Lessons/2.1.3. Subtracting a Positive Fraction From a Smaller Fraction.md,2. The Number System/2.1. Addition and Subtraction of Rational Numbers/Source/2.1.3. Subtracting a Positive Fraction From a Smaller Fraction,20,20,32
3680,PAL.2.1.4,2.1.4,Subtracting a Positive Decimal From a Smaller Decimal,2. The Number System,2.1. Addition and Subtraction of Rational Numbers,2. The Number System/2.1. Addition and Subtraction of Rational Numbers/Lessons/2.1.4. Subtracting a Positive Decimal From a Smaller Decimal.md,2. The Number System/2.1. Addition and Subtraction of Rational Numbers/Source/2.1.4. Subtracting a Positive Decimal From a Smaller Decimal,25,25,33
329,PAL.2.1.5,2.1.5,Adding a Positive Number to a Negative Number,2. The Number System,2.1. Addition and Subtraction of Rational Numbers,2. The Number System/2.1. Addition and Subtraction of Rational Numbers/Lessons/2.1.5. Adding a Positive Number to a Negative Number.md,2. The Number System/2.1. Addition and Subtraction of Rational Numbers/Source/2.1.5. Adding a Positive Number to a Negative Number,26,26,34
328,PAL.2.1.6,2.1.6,Adding a Negative Number,2. The Number System,2.1. Addition and Subtraction of Rational Numbers,2. The Number System/2.1. Addition and Subtraction of Rational Numbers/Lessons/2.1.6. Adding a Negative Number.md,2. The Number System/2.1. Addition and Subtraction of Rational Numbers/Source/2.1.6. Adding a Negative Number,26,26,35
297,PAL.2.1.7,2.1.7,Subtracting a Negative Number,2. The Number System,2.1. Addition and Subtraction of Rational Numbers,2. The Number System/2.1. Addition and Subtraction of Rational Numbers/Lessons/2.1.7. Subtracting a Negative Number.md,2. The Number System/2.1. Addition and Subtraction of Rational Numbers/Source/2.1.7. Subtracting a Negative Number,27,27,36
524,PAL.2.1.8,2.1.8,Additive Inverses of Numbers,2. The Number System,2.1. Addition and Subtraction of Rational Numbers,2. The Number System/2.1. Addition and Subtraction of Rational Numbers/Lessons/2.1.8. Additive Inverses of Numbers.md,2. The Number System/2.1. Addition and Subtraction of Rational Numbers/Source/2.1.8. Additive Inverses of Numbers,28,28,37
1131,PAL.2.1.9,2.1.9,Solving Problems Using Addition and Subtraction of Rational Numbers,2. The Number System,2.1. Addition and Subtraction of Rational Numbers,2. The Number System/2.1. Addition and Subtraction of Rational Numbers/Lessons/2.1.9. Solving Problems Using Addition and Subtraction of Rational Numbers.md,2. The Number System/2.1. Addition and Subtraction of Rational Numbers/Source/2.1.9. Solving Problems Using Addition and Subtraction of Rational Numbers,28,28,38
298,PAL.2.2.1,2.2.1,Multiplying Positive Numbers With Negative Numbers,2. The Number System,2.2. Multiplication and Division of Rational Numbers,2. The Number System/2.2. Multiplication and Division of Rational Numbers/Lessons/2.2.1. Multiplying Positive Numbers With Negative Numbers.md,2. The Number System/2.2. Multiplication and Division of Rational Numbers/Source/2.2.1. Multiplying Positive Numbers With Negative Numbers,22,22,39
3718,PAL.2.2.2,2.2.2,Multiplying Negative Numbers,2. The Number System,2.2. Multiplication and Division of Rational Numbers,2. The Number System/2.2. Multiplication and Division of Rational Numbers/Lessons/2.2.2. Multiplying Negative Numbers.md,2. The Number System/2.2. Multiplication and Division of Rational Numbers/Source/2.2.2. Multiplying Negative Numbers,23,23,40
330,PAL.2.2.3,2.2.3,Dividing With Negative Numbers,2. The Number System,2.2. Multiplication and Division of Rational Numbers,2. The Number System/2.2. Multiplication and Division of Rational Numbers/Lessons/2.2.3. Dividing With Negative Numbers.md,2. The Number System/2.2. Multiplication and Division of Rational Numbers/Source/2.2.3. Dividing With Negative Numbers,24,24,41
4136,PAL.2.2.4,2.2.4,Equivalent Fractions With Negative Numbers,2. The Number System,2.2. Multiplication and Division of Rational Numbers,2. The Number System/2.2. Multiplication and Division of Rational Numbers/Lessons/2.2.4. Equivalent Fractions With Negative Numbers.md,2. The Number System/2.2. Multiplication and Division of Rational Numbers/Source/2.2.4. Equivalent Fractions With Negative Numbers,25,25,42
3719,PAL.2.2.5,2.2.5,Dividing With Negative Decimals and Fractions,2. The Number System,2.2. Multiplication and Division of Rational Numbers,2. The Number System/2.2. Multiplication and Division of Rational Numbers/Lessons/2.2.5. Dividing With Negative Decimals and Fractions.md,2. The Number System/2.2. Multiplication and Division of Rational Numbers/Source/2.2.5. Dividing With Negative Decimals and Fractions,26,26,43
2202,PAL.2.2.6,2.2.6,Reciprocals of Rational Numbers,2. The Number System,2.2. Multiplication and Division of Rational Numbers,2. The Number System/2.2. Multiplication and Division of Rational Numbers/Lessons/2.2.6. Reciprocals of Rational Numbers.md,2. The Number System/2.2. Multiplication and Division of Rational Numbers/Source/2.2.6. Reciprocals of Rational Numbers,27,27,44
299,PAL.2.2.7,2.2.7,Multiplying and Dividing With Zero,2. The Number System,2.2. Multiplication and Division of Rational Numbers,2. The Number System/2.2. Multiplication and Division of Rational Numbers/Lessons/2.2.7. Multiplying and Dividing With Zero.md,2. The Number System/2.2. Multiplication and Division of Rational Numbers/Source/2.2.7. Multiplying and Dividing With Zero,14,14,45
323,PAL.2.2.8,2.2.8,Fractions of Fractions,2. The Number System,2.2. Multiplication and Division of Rational Numbers,2. The Number System/2.2. Multiplication and Division of Rational Numbers/Lessons/2.2.8. Fractions of Fractions.md,2. The Number System/2.2. Multiplication and Division of Rational Numbers/Source/2.2.8. Fractions of Fractions,28,28,46
1024,PAL.2.2.9,2.2.9,Solving Problems Using the Four Operations on Rational Numbers,2. The Number System,2.2. Multiplication and Division of Rational Numbers,2. The Number System/2.2. Multiplication and Division of Rational Numbers/Lessons/2.2.9. Solving Problems Using the Four Operations on Rational Numbers.md,2. The Number System/2.2. Multiplication and Division of Rational Numbers/Source/2.2.9. Solving Problems Using the Four Operations on Rational Numbers,29,29,47
2805,PAL.2.3.1,2.3.1,"Divisibility of Integers by 2, 5, 10, 4, and 8",2. The Number System,2.3. Number Theory,"2. The Number System/2.3. Number Theory/Lessons/2.3.1. Divisibility of Integers by 2, 5, 10, 4, and 8.md","2. The Number System/2.3. Number Theory/Source/2.3.1. Divisibility of Integers by 2, 5, 10, 4, and 8",19,19,48
3543,PAL.2.3.2,2.3.2,"Divisibility of Integers by 3, 9, 6, and 7",2. The Number System,2.3. Number Theory,"2. The Number System/2.3. Number Theory/Lessons/2.3.2. Divisibility of Integers by 3, 9, 6, and 7.md","2. The Number System/2.3. Number Theory/Source/2.3.2. Divisibility of Integers by 3, 9, 6, and 7",20,20,49
2558,PAL.2.3.3,2.3.3,"Natural Numbers, Integers, and Rational Numbers",2. The Number System,2.3. Number Theory,"2. The Number System/2.3. Number Theory/Lessons/2.3.3. Natural Numbers, Integers, and Rational Numbers.md","2. The Number System/2.3. Number Theory/Source/2.3.3. Natural Numbers, Integers, and Rational Numbers",21,21,50
840,PAL.2.3.4,2.3.4,Prime and Composite Numbers,2. The Number System,2.3. Number Theory,2. The Number System/2.3. Number Theory/Lessons/2.3.4. Prime and Composite Numbers.md,2. The Number System/2.3. Number Theory/Source/2.3.4. Prime and Composite Numbers,2,2,51
829,PAL.2.3.5,2.3.5,Prime Factors,2. The Number System,2.3. Number Theory,2. The Number System/2.3. Number Theory/Lessons/2.3.5. Prime Factors.md,2. The Number System/2.3. Number Theory/Source/2.3.5. Prime Factors,21,21,52
4250,PAL.2.3.6,2.3.6,The Fundamental Theorem of Arithmetic,2. The Number System,2.3. Number Theory,2. The Number System/2.3. Number Theory/Lessons/2.3.6. The Fundamental Theorem of Arithmetic.md,2. The Number System/2.3. Number Theory/Source/2.3.6. The Fundamental Theorem of Arithmetic,22,22,53
811,PAL.2.3.7,2.3.7,Finding Greatest Common Factors Using Prime Factorization,2. The Number System,2.3. Number Theory,2. The Number System/2.3. Number Theory/Lessons/2.3.7. Finding Greatest Common Factors Using Prime Factorization.md,2. The Number System/2.3. Number Theory/Source/2.3.7. Finding Greatest Common Factors Using Prime Factorization,23,23,54
755,PAL.2.3.8,2.3.8,Finding Lowest Common Multiples Using Prime Factorization,2. The Number System,2.3. Number Theory,2. The Number System/2.3. Number Theory/Lessons/2.3.8. Finding Lowest Common Multiples Using Prime Factorization.md,2. The Number System/2.3. Number Theory/Source/2.3.8. Finding Lowest Common Multiples Using Prime Factorization,23,23,55
2174,PAL.3.1.1,3.1.1,Squaring Rational Numbers,3. Exponents & Radicals,3.1. Exponents,3. Exponents & Radicals/3.1. Exponents/Lessons/3.1.1. Squaring Rational Numbers.md,3. Exponents & Radicals/3.1. Exponents/Source/3.1.1. Squaring Rational Numbers,24,24,56
2195,PAL.3.1.2,3.1.2,Cubing Rational Numbers,3. Exponents & Radicals,3.1. Exponents,3. Exponents & Radicals/3.1. Exponents/Lessons/3.1.2. Cubing Rational Numbers.md,3. Exponents & Radicals/3.1. Exponents/Source/3.1.2. Cubing Rational Numbers,25,25,57
125,PAL.3.1.3,3.1.3,Exponents With Rational Bases,3. Exponents & Radicals,3.1. Exponents,3. Exponents & Radicals/3.1. Exponents/Lessons/3.1.3. Exponents With Rational Bases.md,3. Exponents & Radicals/3.1. Exponents/Source/3.1.3. Exponents With Rational Bases,26,26,58
322,PAL.3.1.4,3.1.4,The Zeroth Power,3. Exponents & Radicals,3.1. Exponents,3. Exponents & Radicals/3.1. Exponents/Lessons/3.1.4. The Zeroth Power.md,3. Exponents & Radicals/3.1. Exponents/Source/3.1.4. The Zeroth Power,27,27,59
652,PAL.3.1.5,3.1.5,Powers of Negative One,3. Exponents & Radicals,3.1. Exponents,3. Exponents & Radicals/3.1. Exponents/Lessons/3.1.5. Powers of Negative One.md,3. Exponents & Radicals/3.1. Exponents/Source/3.1.5. Powers of Negative One,28,28,60
3561,PAL.3.1.6,3.1.6,Negative Exponents,3. Exponents & Radicals,3.1. Exponents,3. Exponents & Radicals/3.1. Exponents/Lessons/3.1.6. Negative Exponents.md,3. Exponents & Radicals/3.1. Exponents/Source/3.1.6. Negative Exponents,29,29,61
267,PAL.3.2.1,3.2.1,The Product Rule for Exponents,3. Exponents & Radicals,3.2. The Rules of Exponents,3. Exponents & Radicals/3.2. The Rules of Exponents/Lessons/3.2.1. The Product Rule for Exponents.md,3. Exponents & Radicals/3.2. The Rules of Exponents/Source/3.2.1. The Product Rule for Exponents,30,30,62
1223,PAL.3.2.2,3.2.2,The Quotient Rule for Exponents,3. Exponents & Radicals,3.2. The Rules of Exponents,3. Exponents & Radicals/3.2. The Rules of Exponents/Lessons/3.2.2. The Quotient Rule for Exponents.md,3. Exponents & Radicals/3.2. The Rules of Exponents/Source/3.2.2. The Quotient Rule for Exponents,31,31,63
1224,PAL.3.2.3,3.2.3,The Power Rule for Exponents,3. Exponents & Radicals,3.2. The Rules of Exponents,3. Exponents & Radicals/3.2. The Rules of Exponents/Lessons/3.2.3. The Power Rule for Exponents.md,3. Exponents & Radicals/3.2. The Rules of Exponents/Source/3.2.3. The Power Rule for Exponents,31,31,64
2012,PAL.3.2.4,3.2.4,The Power of Product Rule for Exponents,3. Exponents & Radicals,3.2. The Rules of Exponents,3. Exponents & Radicals/3.2. The Rules of Exponents/Lessons/3.2.4. The Power of Product Rule for Exponents.md,3. Exponents & Radicals/3.2. The Rules of Exponents/Source/3.2.4. The Power of Product Rule for Exponents,27,27,65
1289,PAL.3.2.5,3.2.5,The Power of Quotient Rule for Exponents,3. Exponents & Radicals,3.2. The Rules of Exponents,3. Exponents & Radicals/3.2. The Rules of Exponents/Lessons/3.2.5. The Power of Quotient Rule for Exponents.md,3. Exponents & Radicals/3.2. The Rules of Exponents/Source/3.2.5. The Power of Quotient Rule for Exponents,27,27,66
1457,PAL.3.2.6,3.2.6,Combining the Rules of Exponents,3. Exponents & Radicals,3.2. The Rules of Exponents,3. Exponents & Radicals/3.2. The Rules of Exponents/Lessons/3.2.6. Combining the Rules of Exponents.md,3. Exponents & Radicals/3.2. The Rules of Exponents/Source/3.2.6. Combining the Rules of Exponents,32,32,67
1135,PAL.3.3.1,3.3.1,Writing Numbers in Scientific Notation,3. Exponents & Radicals,3.3. Scientific Notation,3. Exponents & Radicals/3.3. Scientific Notation/Lessons/3.3.1. Writing Numbers in Scientific Notation.md,3. Exponents & Radicals/3.3. Scientific Notation/Source/3.3.1. Writing Numbers in Scientific Notation,31,31,68
1136,PAL.3.3.2,3.3.2,Converting Scientific Notation to Standard Notation,3. Exponents & Radicals,3.3. Scientific Notation,3. Exponents & Radicals/3.3. Scientific Notation/Lessons/3.3.2. Converting Scientific Notation to Standard Notation.md,3. Exponents & Radicals/3.3. Scientific Notation/Source/3.3.2. Converting Scientific Notation to Standard Notation,32,32,69
90,PAL.3.3.3,3.3.3,Comparing Numbers in Scientific Notation,3. Exponents & Radicals,3.3. Scientific Notation,3. Exponents & Radicals/3.3. Scientific Notation/Lessons/3.3.3. Comparing Numbers in Scientific Notation.md,3. Exponents & Radicals/3.3. Scientific Notation/Source/3.3.3. Comparing Numbers in Scientific Notation,32,32,70
1863,PAL.3.3.4,3.3.4,Addition and Subtraction in Scientific Notation,3. Exponents & Radicals,3.3. Scientific Notation,3. Exponents & Radicals/3.3. Scientific Notation/Lessons/3.3.4. Addition and Subtraction in Scientific Notation.md,3. Exponents & Radicals/3.3. Scientific Notation/Source/3.3.4. Addition and Subtraction in Scientific Notation,32,32,71
3843,PAL.3.3.5,3.3.5,Addition in Scientific Notation With Different Powers of Ten,3. Exponents & Radicals,3.3. Scientific Notation,3. Exponents & Radicals/3.3. Scientific Notation/Lessons/3.3.5. Addition in Scientific Notation With Different Powers of Ten.md,3. Exponents & Radicals/3.3. Scientific Notation/Source/3.3.5. Addition in Scientific Notation With Different Powers of Ten,33,33,72
3989,PAL.3.3.6,3.3.6,Subtraction in Scientific Notation With Different Powers of Ten,3. Exponents & Radicals,3.3. Scientific Notation,3. Exponents & Radicals/3.3. Scientific Notation/Lessons/3.3.6. Subtraction in Scientific Notation With Different Powers of Ten.md,3. Exponents & Radicals/3.3. Scientific Notation/Source/3.3.6. Subtraction in Scientific Notation With Different Powers of Ten,34,34,73
4002,PAL.3.3.7,3.3.7,Further Addition in Scientific Notation With Different Powers of Ten,3. Exponents & Radicals,3.3. Scientific Notation,3. Exponents & Radicals/3.3. Scientific Notation/Lessons/3.3.7. Further Addition in Scientific Notation With Different Powers of Ten.md,3. Exponents & Radicals/3.3. Scientific Notation/Source/3.3.7. Further Addition in Scientific Notation With Different Powers of Ten,35,35,74
1137,PAL.3.3.8,3.3.8,Multiplying Numbers in Scientific Notation,3. Exponents & Radicals,3.3. Scientific Notation,3. Exponents & Radicals/3.3. Scientific Notation/Lessons/3.3.8. Multiplying Numbers in Scientific Notation.md,3. Exponents & Radicals/3.3. Scientific Notation/Source/3.3.8. Multiplying Numbers in Scientific Notation,32,32,75
1138,PAL.3.3.9,3.3.9,Dividing Numbers in Scientific Notation,3. Exponents & Radicals,3.3. Scientific Notation,3. Exponents & Radicals/3.3. Scientific Notation/Lessons/3.3.9. Dividing Numbers in Scientific Notation.md,3. Exponents & Radicals/3.3. Scientific Notation/Source/3.3.9. Dividing Numbers in Scientific Notation,33,33,76
2561,PAL.3.4.1,3.4.1,Evaluating Rational Number Expressions Without Exponents,3. Exponents & Radicals,3.4. Order of Operations,3. Exponents & Radicals/3.4. Order of Operations/Lessons/3.4.1. Evaluating Rational Number Expressions Without Exponents.md,3. Exponents & Radicals/3.4. Order of Operations/Source/3.4.1. Evaluating Rational Number Expressions Without Exponents,28,28,77
121,PAL.3.4.2,3.4.2,Evaluating Expressions With Positive Integer Exponents,3. Exponents & Radicals,3.4. Order of Operations,3. Exponents & Radicals/3.4. Order of Operations/Lessons/3.4.2. Evaluating Expressions With Positive Integer Exponents.md,3. Exponents & Radicals/3.4. Order of Operations/Source/3.4.2. Evaluating Expressions With Positive Integer Exponents,29,29,78
1987,PAL.3.4.3,3.4.3,Evaluating Expressions With Integer Exponents,3. Exponents & Radicals,3.4. Order of Operations,3. Exponents & Radicals/3.4. Order of Operations/Lessons/3.4.3. Evaluating Expressions With Integer Exponents.md,3. Exponents & Radicals/3.4. Order of Operations/Source/3.4.3. Evaluating Expressions With Integer Exponents,30,30,79
1822,PAL.3.5.1,3.5.1,The Square Root of a Perfect Square,3. Exponents & Radicals,3.5. Radicals,3. Exponents & Radicals/3.5. Radicals/Lessons/3.5.1. The Square Root of a Perfect Square.md,3. Exponents & Radicals/3.5. Radicals/Source/3.5.1. The Square Root of a Perfect Square,25,25,80
3552,PAL.3.5.2,3.5.2,Squaring a Square Root,3. Exponents & Radicals,3.5. Radicals,3. Exponents & Radicals/3.5. Radicals/Lessons/3.5.2. Squaring a Square Root.md,3. Exponents & Radicals/3.5. Radicals/Source/3.5.2. Squaring a Square Root,26,26,81
1819,PAL.3.5.3,3.5.3,The Cube Root of a Perfect Cube,3. Exponents & Radicals,3.5. Radicals,3. Exponents & Radicals/3.5. Radicals/Lessons/3.5.3. The Cube Root of a Perfect Cube.md,3. Exponents & Radicals/3.5. Radicals/Source/3.5.3. The Cube Root of a Perfect Cube,27,27,82
2204,PAL.3.5.4,3.5.4,Surds,3. Exponents & Radicals,3.5. Radicals,3. Exponents & Radicals/3.5. Radicals/Lessons/3.5.4. Surds.md,3. Exponents & Radicals/3.5. Radicals/Source/3.5.4. Surds,28,28,83
3709,PAL.3.5.5,3.5.5,Simplifying Expressions With Surds,3. Exponents & Radicals,3.5. Radicals,3. Exponents & Radicals/3.5. Radicals/Lessons/3.5.5. Simplifying Expressions With Surds.md,3. Exponents & Radicals/3.5. Radicals/Source/3.5.5. Simplifying Expressions With Surds,29,29,84
589,PAL.3.5.6,3.5.6,Evaluating Numerical Expressions Containing Radicals,3. Exponents & Radicals,3.5. Radicals,3. Exponents & Radicals/3.5. Radicals/Lessons/3.5.6. Evaluating Numerical Expressions Containing Radicals.md,3. Exponents & Radicals/3.5. Radicals/Source/3.5.6. Evaluating Numerical Expressions Containing Radicals,31,31,85
484,PAL.3.5.7,3.5.7,Adding and Subtracting Radicals,3. Exponents & Radicals,3.5. Radicals,3. Exponents & Radicals/3.5. Radicals/Lessons/3.5.7. Adding and Subtracting Radicals.md,3. Exponents & Radicals/3.5. Radicals/Source/3.5.7. Adding and Subtracting Radicals,30,30,86
1318,PAL.3.5.8,3.5.8,Rationalizing Denominators,3. Exponents & Radicals,3.5. Radicals,3. Exponents & Radicals/3.5. Radicals/Lessons/3.5.8. Rationalizing Denominators.md,3. Exponents & Radicals/3.5. Radicals/Source/3.5.8. Rationalizing Denominators,30,30,87
2607,PAL.3.6.1,3.6.1,Radicals as Fractional Exponents,3. Exponents & Radicals,3.6. The Rules of Radicals,3. Exponents & Radicals/3.6. The Rules of Radicals/Lessons/3.6.1. Radicals as Fractional Exponents.md,3. Exponents & Radicals/3.6. The Rules of Radicals/Source/3.6.1. Radicals as Fractional Exponents,32,32,88
1927,PAL.3.6.2,3.6.2,The Product Rule for Radicals,3. Exponents & Radicals,3.6. The Rules of Radicals,3. Exponents & Radicals/3.6. The Rules of Radicals/Lessons/3.6.2. The Product Rule for Radicals.md,3. Exponents & Radicals/3.6. The Rules of Radicals/Source/3.6.2. The Product Rule for Radicals,29,29,89
2240,PAL.3.6.3,3.6.3,The Quotient Rule for Radicals,3. Exponents & Radicals,3.6. The Rules of Radicals,3. Exponents & Radicals/3.6. The Rules of Radicals/Lessons/3.6.3. The Quotient Rule for Radicals.md,3. Exponents & Radicals/3.6. The Rules of Radicals/Source/3.6.3. The Quotient Rule for Radicals,29,29,90
63,PAL.4.1.1,4.1.1,Introduction to Algebraic Expressions,4. Algebraic Expressions,4.1. Algebraic Expressions,4. Algebraic Expressions/4.1. Algebraic Expressions/Lessons/4.1.1. Introduction to Algebraic Expressions.md,4. Algebraic Expressions/4.1. Algebraic Expressions/Source/4.1.1. Introduction to Algebraic Expressions,0,0,91
3721,PAL.4.1.2,4.1.2,Constructing Algebraic Expressions,4. Algebraic Expressions,4.1. Algebraic Expressions,4. Algebraic Expressions/4.1. Algebraic Expressions/Lessons/4.1.2. Constructing Algebraic Expressions.md,4. Algebraic Expressions/4.1. Algebraic Expressions/Source/4.1.2. Constructing Algebraic Expressions,1,1,92
64,PAL.4.1.3,4.1.3,Evaluating Linear Expressions,4. Algebraic Expressions,4.1. Algebraic Expressions,4. Algebraic Expressions/4.1. Algebraic Expressions/Lessons/4.1.3. Evaluating Linear Expressions.md,4. Algebraic Expressions/4.1. Algebraic Expressions/Source/4.1.3. Evaluating Linear Expressions,29,29,93
2183,PAL.4.1.4,4.1.4,Evaluating Rational Expressions,4. Algebraic Expressions,4.1. Algebraic Expressions,4. Algebraic Expressions/4.1. Algebraic Expressions/Lessons/4.1.4. Evaluating Rational Expressions.md,4. Algebraic Expressions/4.1. Algebraic Expressions/Source/4.1.4. Evaluating Rational Expressions,30,30,94
643,PAL.4.1.5,4.1.5,Identifying Terms in Linear Expressions,4. Algebraic Expressions,4.1. Algebraic Expressions,4. Algebraic Expressions/4.1. Algebraic Expressions/Lessons/4.1.5. Identifying Terms in Linear Expressions.md,4. Algebraic Expressions/4.1. Algebraic Expressions/Source/4.1.5. Identifying Terms in Linear Expressions,2,2,95
645,PAL.4.1.6,4.1.6,Identifying Coefficients and Constants,4. Algebraic Expressions,4.1. Algebraic Expressions,4. Algebraic Expressions/4.1. Algebraic Expressions/Lessons/4.1.6. Identifying Coefficients and Constants.md,4. Algebraic Expressions/4.1. Algebraic Expressions/Source/4.1.6. Identifying Coefficients and Constants,18,18,96
85,PAL.4.1.7,4.1.7,The Greatest Common Factor of Two Linear Expressions,4. Algebraic Expressions,4.1. Algebraic Expressions,4. Algebraic Expressions/4.1. Algebraic Expressions/Lessons/4.1.7. The Greatest Common Factor of Two Linear Expressions.md,4. Algebraic Expressions/4.1. Algebraic Expressions/Source/4.1.7. The Greatest Common Factor of Two Linear Expressions,24,24,97
644,PAL.4.2.1,4.2.1,Identifying Like Terms in Linear Expressions,4. Algebraic Expressions,4.2. Simplifying Linear Expressions,4. Algebraic Expressions/4.2. Simplifying Linear Expressions/Lessons/4.2.1. Identifying Like Terms in Linear Expressions.md,4. Algebraic Expressions/4.2. Simplifying Linear Expressions/Source/4.2.1. Identifying Like Terms in Linear Expressions,19,19,98
134,PAL.4.2.2,4.2.2,Collecting Like Terms in Linear Expressions,4. Algebraic Expressions,4.2. Simplifying Linear Expressions,4. Algebraic Expressions/4.2. Simplifying Linear Expressions/Lessons/4.2.2. Collecting Like Terms in Linear Expressions.md,4. Algebraic Expressions/4.2. Simplifying Linear Expressions/Source/4.2.2. Collecting Like Terms in Linear Expressions,27,27,99
135,PAL.4.2.3,4.2.3,Applying the Distributive Law With Linear Expressions,4. Algebraic Expressions,4.2. Simplifying Linear Expressions,4. Algebraic Expressions/4.2. Simplifying Linear Expressions/Lessons/4.2.3. Applying the Distributive Law With Linear Expressions.md,4. Algebraic Expressions/4.2. Simplifying Linear Expressions/Source/4.2.3. Applying the Distributive Law With Linear Expressions,27,27,100
3847,PAL.4.2.4,4.2.4,The Distributive Law With Three Terms,4. Algebraic Expressions,4.2. Simplifying Linear Expressions,4. Algebraic Expressions/4.2. Simplifying Linear Expressions/Lessons/4.2.4. The Distributive Law With Three Terms.md,4. Algebraic Expressions/4.2. Simplifying Linear Expressions/Source/4.2.4. The Distributive Law With Three Terms,28,28,101
137,PAL.4.2.5,4.2.5,Distributing the Negative Sign in a Linear Expression,4. Algebraic Expressions,4.2. Simplifying Linear Expressions,4. Algebraic Expressions/4.2. Simplifying Linear Expressions/Lessons/4.2.5. Distributing the Negative Sign in a Linear Expression.md,4. Algebraic Expressions/4.2. Simplifying Linear Expressions/Source/4.2.5. Distributing the Negative Sign in a Linear Expression,29,29,102
138,PAL.4.2.6,4.2.6,Simplifying Linear Expressions Using the Distributive Law,4. Algebraic Expressions,4.2. Simplifying Linear Expressions,4. Algebraic Expressions/4.2. Simplifying Linear Expressions/Lessons/4.2.6. Simplifying Linear Expressions Using the Distributive Law.md,4. Algebraic Expressions/4.2. Simplifying Linear Expressions/Source/4.2.6. Simplifying Linear Expressions Using the Distributive Law,28,28,103
3873,PAL.4.2.7,4.2.7,Simplifying Linear Expressions When a Group of Terms Is Subtracted,4. Algebraic Expressions,4.2. Simplifying Linear Expressions,4. Algebraic Expressions/4.2. Simplifying Linear Expressions/Lessons/4.2.7. Simplifying Linear Expressions When a Group of Terms Is Subtracted.md,4. Algebraic Expressions/4.2. Simplifying Linear Expressions/Source/4.2.7. Simplifying Linear Expressions When a Group of Terms Is Subtracted,30,30,104
2244,PAL.4.2.8,4.2.8,Simplifying Linear Expressions Containing Fractions,4. Algebraic Expressions,4.2. Simplifying Linear Expressions,4. Algebraic Expressions/4.2. Simplifying Linear Expressions/Lessons/4.2.8. Simplifying Linear Expressions Containing Fractions.md,4. Algebraic Expressions/4.2. Simplifying Linear Expressions/Source/4.2.8. Simplifying Linear Expressions Containing Fractions,29,29,105
2441,PAL.4.2.9,4.2.9,Factoring Numerical Expressions,4. Algebraic Expressions,4.2. Simplifying Linear Expressions,4. Algebraic Expressions/4.2. Simplifying Linear Expressions/Lessons/4.2.9. Factoring Numerical Expressions.md,4. Algebraic Expressions/4.2. Simplifying Linear Expressions/Source/4.2.9. Factoring Numerical Expressions,4,4,106
87,PAL.4.2.10,4.2.10,Factoring Linear Expressions,4. Algebraic Expressions,4.2. Simplifying Linear Expressions,4. Algebraic Expressions/4.2. Simplifying Linear Expressions/Lessons/4.2.10. Factoring Linear Expressions.md,4. Algebraic Expressions/4.2. Simplifying Linear Expressions/Source/4.2.10. Factoring Linear Expressions,30,30,107
1412,PAL.5.1.1,5.1.1,Solving Linear Equations by Trial and Error,5. Equations & Inequalities,5.1. Solving One-Step Linear Equations,5. Equations & Inequalities/5.1. Solving One-Step Linear Equations/Lessons/5.1.1. Solving Linear Equations by Trial and Error.md,5. Equations & Inequalities/5.1. Solving One-Step Linear Equations/Source/5.1.1. Solving Linear Equations by Trial and Error,30,30,108
65,PAL.5.1.2,5.1.2,Solving One-Step Addition and Subtraction Equations,5. Equations & Inequalities,5.1. Solving One-Step Linear Equations,5. Equations & Inequalities/5.1. Solving One-Step Linear Equations/Lessons/5.1.2. Solving One-Step Addition and Subtraction Equations.md,5. Equations & Inequalities/5.1. Solving One-Step Linear Equations/Source/5.1.2. Solving One-Step Addition and Subtraction Equations,31,31,109
40,PAL.5.1.3,5.1.3,Solving One-Step Multiplication and Division Equations,5. Equations & Inequalities,5.1. Solving One-Step Linear Equations,5. Equations & Inequalities/5.1. Solving One-Step Linear Equations/Lessons/5.1.3. Solving One-Step Multiplication and Division Equations.md,5. Equations & Inequalities/5.1. Solving One-Step Linear Equations/Source/5.1.3. Solving One-Step Multiplication and Division Equations,31,31,110
66,PAL.5.2.1,5.2.1,Solving Two-Step Equations,5. Equations & Inequalities,5.2. Solving Multi-Step Linear Equations,5. Equations & Inequalities/5.2. Solving Multi-Step Linear Equations/Lessons/5.2.1. Solving Two-Step Equations.md,5. Equations & Inequalities/5.2. Solving Multi-Step Linear Equations/Source/5.2.1. Solving Two-Step Equations,32,32,111
67,PAL.5.2.2,5.2.2,Solving Linear Equations With Fractional Coefficients,5. Equations & Inequalities,5.2. Solving Multi-Step Linear Equations,5. Equations & Inequalities/5.2. Solving Multi-Step Linear Equations/Lessons/5.2.2. Solving Linear Equations With Fractional Coefficients.md,5. Equations & Inequalities/5.2. Solving Multi-Step Linear Equations/Source/5.2.2. Solving Linear Equations With Fractional Coefficients,33,33,112
2270,PAL.5.2.3,5.2.3,Solving Linear Equations With Decimal Coefficients,5. Equations & Inequalities,5.2. Solving Multi-Step Linear Equations,5. Equations & Inequalities/5.2. Solving Multi-Step Linear Equations/Lessons/5.2.3. Solving Linear Equations With Decimal Coefficients.md,5. Equations & Inequalities/5.2. Solving Multi-Step Linear Equations/Source/5.2.3. Solving Linear Equations With Decimal Coefficients,33,33,113
343,PAL.5.2.4,5.2.4,Solving Linear Equations With Variables on Both Sides,5. Equations & Inequalities,5.2. Solving Multi-Step Linear Equations,5. Equations & Inequalities/5.2. Solving Multi-Step Linear Equations/Lessons/5.2.4. Solving Linear Equations With Variables on Both Sides.md,5. Equations & Inequalities/5.2. Solving Multi-Step Linear Equations/Source/5.2.4. Solving Linear Equations With Variables on Both Sides,34,34,114
651,PAL.5.2.5,5.2.5,Solving Linear Equations by Clearing a Rational Expression,5. Equations & Inequalities,5.2. Solving Multi-Step Linear Equations,5. Equations & Inequalities/5.2. Solving Multi-Step Linear Equations/Lessons/5.2.5. Solving Linear Equations by Clearing a Rational Expression.md,5. Equations & Inequalities/5.2. Solving Multi-Step Linear Equations/Source/5.2.5. Solving Linear Equations by Clearing a Rational Expression,35,35,115
1413,PAL.5.2.6,5.2.6,Solving Linear Equations Using Cross-Multiplication,5. Equations & Inequalities,5.2. Solving Multi-Step Linear Equations,5. Equations & Inequalities/5.2. Solving Multi-Step Linear Equations/Lessons/5.2.6. Solving Linear Equations Using Cross-Multiplication.md,5. Equations & Inequalities/5.2. Solving Multi-Step Linear Equations/Source/5.2.6. Solving Linear Equations Using Cross-Multiplication,36,36,116
356,PAL.5.2.7,5.2.7,Solving Two-Variable Equations,5. Equations & Inequalities,5.2. Solving Multi-Step Linear Equations,5. Equations & Inequalities/5.2. Solving Multi-Step Linear Equations/Lessons/5.2.7. Solving Two-Variable Equations.md,5. Equations & Inequalities/5.2. Solving Multi-Step Linear Equations/Source/5.2.7. Solving Two-Variable Equations,37,37,117
1414,PAL.5.2.8,5.2.8,Linear Equations With Infinitely Many Solutions,5. Equations & Inequalities,5.2. Solving Multi-Step Linear Equations,5. Equations & Inequalities/5.2. Solving Multi-Step Linear Equations/Lessons/5.2.8. Linear Equations With Infinitely Many Solutions.md,5. Equations & Inequalities/5.2. Solving Multi-Step Linear Equations/Source/5.2.8. Linear Equations With Infinitely Many Solutions,35,35,118
5572,PAL.5.2.9,5.2.9,Linear Equations With No Solutions,5. Equations & Inequalities,5.2. Solving Multi-Step Linear Equations,5. Equations & Inequalities/5.2. Solving Multi-Step Linear Equations/Lessons/5.2.9. Linear Equations With No Solutions.md,5. Equations & Inequalities/5.2. Solving Multi-Step Linear Equations/Source/5.2.9. Linear Equations With No Solutions,35,35,119
178,PAL.5.3.1,5.3.1,Inequalities,5. Equations & Inequalities,5.3. Solving Linear Inequalities,5. Equations & Inequalities/5.3. Solving Linear Inequalities/Lessons/5.3.1. Inequalities.md,5. Equations & Inequalities/5.3. Solving Linear Inequalities/Source/5.3.1. Inequalities,17,17,120
2310,PAL.5.3.2,5.3.2,Compound Inequalities,5. Equations & Inequalities,5.3. Solving Linear Inequalities,5. Equations & Inequalities/5.3. Solving Linear Inequalities/Lessons/5.3.2. Compound Inequalities.md,5. Equations & Inequalities/5.3. Solving Linear Inequalities/Source/5.3.2. Compound Inequalities,18,18,121
387,PAL.5.3.3,5.3.3,Verifying Solutions of Linear Inequalities,5. Equations & Inequalities,5.3. Solving Linear Inequalities,5. Equations & Inequalities/5.3. Solving Linear Inequalities/Lessons/5.3.3. Verifying Solutions of Linear Inequalities.md,5. Equations & Inequalities/5.3. Solving Linear Inequalities/Source/5.3.3. Verifying Solutions of Linear Inequalities,30,30,122
38,PAL.5.3.4,5.3.4,Solving One-Step Linear Inequalities,5. Equations & Inequalities,5.3. Solving Linear Inequalities,5. Equations & Inequalities/5.3. Solving Linear Inequalities/Lessons/5.3.4. Solving One-Step Linear Inequalities.md,5. Equations & Inequalities/5.3. Solving Linear Inequalities/Source/5.3.4. Solving One-Step Linear Inequalities,32,32,123
4021,PAL.5.3.5,5.3.5,Solving Two-Step Inequalities,5. Equations & Inequalities,5.3. Solving Linear Inequalities,5. Equations & Inequalities/5.3. Solving Linear Inequalities/Lessons/5.3.5. Solving Two-Step Inequalities.md,5. Equations & Inequalities/5.3. Solving Linear Inequalities/Source/5.3.5. Solving Two-Step Inequalities,33,33,124
4031,PAL.5.3.6,5.3.6,Representing Solutions to Inequalities on Number Lines,5. Equations & Inequalities,5.3. Solving Linear Inequalities,5. Equations & Inequalities/5.3. Solving Linear Inequalities/Lessons/5.3.6. Representing Solutions to Inequalities on Number Lines.md,5. Equations & Inequalities/5.3. Solving Linear Inequalities/Source/5.3.6. Representing Solutions to Inequalities on Number Lines,34,34,125
4034,PAL.5.3.7,5.3.7,Further Solving Linear Inequalities,5. Equations & Inequalities,5.3. Solving Linear Inequalities,5. Equations & Inequalities/5.3. Solving Linear Inequalities/Lessons/5.3.7. Further Solving Linear Inequalities.md,5. Equations & Inequalities/5.3. Solving Linear Inequalities/Source/5.3.7. Further Solving Linear Inequalities,37,37,126
92,PAL.5.4.1,5.4.1,The Cartesian Coordinate System,5. Equations & Inequalities,5.4. Graphs of Linear Equations,5. Equations & Inequalities/5.4. Graphs of Linear Equations/Lessons/5.4.1. The Cartesian Coordinate System.md,5. Equations & Inequalities/5.4. Graphs of Linear Equations/Source/5.4.1. The Cartesian Coordinate System,16,16,127
573,PAL.5.4.2,5.4.2,Distances Between Points in the Coordinate Plane,5. Equations & Inequalities,5.4. Graphs of Linear Equations,5. Equations & Inequalities/5.4. Graphs of Linear Equations/Lessons/5.4.2. Distances Between Points in the Coordinate Plane.md,5. Equations & Inequalities/5.4. Graphs of Linear Equations/Source/5.4.2. Distances Between Points in the Coordinate Plane,17,17,128
94,PAL.5.4.3,5.4.3,Two-Variable Linear Equations and Their Solutions,5. Equations & Inequalities,5.4. Graphs of Linear Equations,5. Equations & Inequalities/5.4. Graphs of Linear Equations/Lessons/5.4.3. Two-Variable Linear Equations and Their Solutions.md,5. Equations & Inequalities/5.4. Graphs of Linear Equations/Source/5.4.3. Two-Variable Linear Equations and Their Solutions,33,33,129
95,PAL.5.4.4,5.4.4,Graphing Linear Equations,5. Equations & Inequalities,5.4. Graphs of Linear Equations,5. Equations & Inequalities/5.4. Graphs of Linear Equations/Lessons/5.4.4. Graphing Linear Equations.md,5. Equations & Inequalities/5.4. Graphs of Linear Equations/Source/5.4.4. Graphing Linear Equations,34,34,130
97,PAL.5.4.5,5.4.5,Horizontal and Vertical Lines,5. Equations & Inequalities,5.4. Graphs of Linear Equations,5. Equations & Inequalities/5.4. Graphs of Linear Equations/Lessons/5.4.5. Horizontal and Vertical Lines.md,5. Equations & Inequalities/5.4. Graphs of Linear Equations/Source/5.4.5. Horizontal and Vertical Lines,35,35,131
396,PAL.5.4.6,5.4.6,Calculating Slopes of Straight Lines,5. Equations & Inequalities,5.4. Graphs of Linear Equations,5. Equations & Inequalities/5.4. Graphs of Linear Equations/Lessons/5.4.6. Calculating Slopes of Straight Lines.md,5. Equations & Inequalities/5.4. Graphs of Linear Equations/Source/5.4.6. Calculating Slopes of Straight Lines,36,36,132
1240,PAL.5.4.7,5.4.7,Equations of Lines in Slope-Intercept Form,5. Equations & Inequalities,5.4. Graphs of Linear Equations,5. Equations & Inequalities/5.4. Graphs of Linear Equations/Lessons/5.4.7. Equations of Lines in Slope-Intercept Form.md,5. Equations & Inequalities/5.4. Graphs of Linear Equations/Source/5.4.7. Equations of Lines in Slope-Intercept Form,38,38,133
398,PAL.5.4.8,5.4.8,Properties of Lines Given in Slope-Intercept Form,5. Equations & Inequalities,5.4. Graphs of Linear Equations,5. Equations & Inequalities/5.4. Graphs of Linear Equations/Lessons/5.4.8. Properties of Lines Given in Slope-Intercept Form.md,5. Equations & Inequalities/5.4. Graphs of Linear Equations/Source/5.4.8. Properties of Lines Given in Slope-Intercept Form,39,39,134
2225,PAL.5.5.1,5.5.1,Introduction to Systems of Linear Equations,5. Equations & Inequalities,5.5. Systems of Equations,5. Equations & Inequalities/5.5. Systems of Equations/Lessons/5.5.1. Introduction to Systems of Linear Equations.md,5. Equations & Inequalities/5.5. Systems of Equations/Source/5.5.1. Introduction to Systems of Linear Equations,35,35,135
487,PAL.5.5.2,5.5.2,Solving Systems of Equations by Substitution,5. Equations & Inequalities,5.5. Systems of Equations,5. Equations & Inequalities/5.5. Systems of Equations/Lessons/5.5.2. Solving Systems of Equations by Substitution.md,5. Equations & Inequalities/5.5. Systems of Equations/Source/5.5.2. Solving Systems of Equations by Substitution,38,38,136
3872,PAL.6.1.1,6.1.1,Units of Area and Volume,6. Geometry,6.1. Introduction to Geometry,6. Geometry/6.1. Introduction to Geometry/Lessons/6.1.1. Units of Area and Volume.md,6. Geometry/6.1. Introduction to Geometry/Source/6.1.1. Units of Area and Volume,19,19,137
1378,PAL.6.1.2,6.1.2,"Points, Lines, Rays, and Segments",6. Geometry,6.1. Introduction to Geometry,"6. Geometry/6.1. Introduction to Geometry/Lessons/6.1.2. Points, Lines, Rays, and Segments.md","6. Geometry/6.1. Introduction to Geometry/Source/6.1.2. Points, Lines, Rays, and Segments",0,0,138
3979,PAL.6.1.3,6.1.3,Parallel and Perpendicular Lines,6. Geometry,6.1. Introduction to Geometry,6. Geometry/6.1. Introduction to Geometry/Lessons/6.1.3. Parallel and Perpendicular Lines.md,6. Geometry/6.1. Introduction to Geometry/Source/6.1.3. Parallel and Perpendicular Lines,13,13,139
1379,PAL.6.1.4,6.1.4,Measures of Segments,6. Geometry,6.1. Introduction to Geometry,6. Geometry/6.1. Introduction to Geometry/Lessons/6.1.4. Measures of Segments.md,6. Geometry/6.1. Introduction to Geometry/Source/6.1.4. Measures of Segments,28,28,140
1462,PAL.6.1.5,6.1.5,Congruent Segments,6. Geometry,6.1. Introduction to Geometry,6. Geometry/6.1. Introduction to Geometry/Lessons/6.1.5. Congruent Segments.md,6. Geometry/6.1. Introduction to Geometry/Source/6.1.5. Congruent Segments,29,29,141
1463,PAL.6.1.6,6.1.6,Midpoints,6. Geometry,6.1. Introduction to Geometry,6. Geometry/6.1. Introduction to Geometry/Lessons/6.1.6. Midpoints.md,6. Geometry/6.1. Introduction to Geometry/Source/6.1.6. Midpoints,36,36,142
1500,PAL.6.1.7,6.1.7,Collinear Points,6. Geometry,6.1. Introduction to Geometry,6. Geometry/6.1. Introduction to Geometry/Lessons/6.1.7. Collinear Points.md,6. Geometry/6.1. Introduction to Geometry/Source/6.1.7. Collinear Points,1,1,143
2278,PAL.6.1.8,6.1.8,The Segment Addition Postulate,6. Geometry,6.1. Introduction to Geometry,6. Geometry/6.1. Introduction to Geometry/Lessons/6.1.8. The Segment Addition Postulate.md,6. Geometry/6.1. Introduction to Geometry/Source/6.1.8. The Segment Addition Postulate,37,37,144
2172,PAL.6.2.1,6.2.1,Angles and Measures of Angles,6. Geometry,6.2. Angles,6. Geometry/6.2. Angles/Lessons/6.2.1. Angles and Measures of Angles.md,6. Geometry/6.2. Angles/Source/6.2.1. Angles and Measures of Angles,1,1,145
3981,PAL.6.2.2,6.2.2,Connecting Angles and Circles,6. Geometry,6.2. Angles,6. Geometry/6.2. Angles/Lessons/6.2.2. Connecting Angles and Circles.md,6. Geometry/6.2. Angles/Source/6.2.2. Connecting Angles and Circles,18,18,146
3980,PAL.6.2.3,6.2.3,Measuring Angles Using a Protractor,6. Geometry,6.2. Angles,6. Geometry/6.2. Angles/Lessons/6.2.3. Measuring Angles Using a Protractor.md,6. Geometry/6.2. Angles/Source/6.2.3. Measuring Angles Using a Protractor,8,8,147
1505,PAL.6.2.4,6.2.4,Sums of Angles,6. Geometry,6.2. Angles,6. Geometry/6.2. Angles/Lessons/6.2.4. Sums of Angles.md,6. Geometry/6.2. Angles/Source/6.2.4. Sums of Angles,9,9,148
1509,PAL.6.2.5,6.2.5,"Right, Straight, Full, and Null Angles",6. Geometry,6.2. Angles,"6. Geometry/6.2. Angles/Lessons/6.2.5. Right, Straight, Full, and Null Angles.md","6. Geometry/6.2. Angles/Source/6.2.5. Right, Straight, Full, and Null Angles",12,12,149
1510,PAL.6.2.6,6.2.6,"Acute, Obtuse, and Reflex Angles",6. Geometry,6.2. Angles,"6. Geometry/6.2. Angles/Lessons/6.2.6. Acute, Obtuse, and Reflex Angles.md","6. Geometry/6.2. Angles/Source/6.2.6. Acute, Obtuse, and Reflex Angles",13,13,150
3554,PAL.6.2.7,6.2.7,Congruent Angles,6. Geometry,6.2. Angles,6. Geometry/6.2. Angles/Lessons/6.2.7. Congruent Angles.md,6. Geometry/6.2. Angles/Source/6.2.7. Congruent Angles,35,35,151
1507,PAL.6.2.8,6.2.8,Vertical Angles,6. Geometry,6.2. Angles,6. Geometry/6.2. Angles/Lessons/6.2.8. Vertical Angles.md,6. Geometry/6.2. Angles/Source/6.2.8. Vertical Angles,36,36,152
1437,PAL.6.2.9,6.2.9,Solving Problems With Angles,6. Geometry,6.2. Angles,6. Geometry/6.2. Angles/Lessons/6.2.9. Solving Problems With Angles.md,6. Geometry/6.2. Angles/Source/6.2.9. Solving Problems With Angles,37,37,153
1639,PAL.6.3.1,6.3.1,Complementary Angles,6. Geometry,6.3. Advanced Angles,6. Geometry/6.3. Advanced Angles/Lessons/6.3.1. Complementary Angles.md,6. Geometry/6.3. Advanced Angles/Source/6.3.1. Complementary Angles,39,39,154
6207,PAL.6.3.2,6.3.2,Non-Adjacent Complementary Angles,6. Geometry,6.3. Advanced Angles,6. Geometry/6.3. Advanced Angles/Lessons/6.3.2. Non-Adjacent Complementary Angles.md,6. Geometry/6.3. Advanced Angles/Source/6.3.2. Non-Adjacent Complementary Angles,40,40,155
1511,PAL.6.3.3,6.3.3,Supplementary Angles,6. Geometry,6.3. Advanced Angles,6. Geometry/6.3. Advanced Angles/Lessons/6.3.3. Supplementary Angles.md,6. Geometry/6.3. Advanced Angles/Source/6.3.3. Supplementary Angles,38,38,156
421,PAL.6.3.4,6.3.4,Corresponding Angles,6. Geometry,6.3. Advanced Angles,6. Geometry/6.3. Advanced Angles/Lessons/6.3.4. Corresponding Angles.md,6. Geometry/6.3. Advanced Angles/Source/6.3.4. Corresponding Angles,38,38,157
4019,PAL.6.3.5,6.3.5,Alternate Angles,6. Geometry,6.3. Advanced Angles,6. Geometry/6.3. Advanced Angles/Lessons/6.3.5. Alternate Angles.md,6. Geometry/6.3. Advanced Angles/Source/6.3.5. Alternate Angles,39,39,158
4104,PAL.6.3.6,6.3.6,Consecutive Angles,6. Geometry,6.3. Advanced Angles,6. Geometry/6.3. Advanced Angles/Lessons/6.3.6. Consecutive Angles.md,6. Geometry/6.3. Advanced Angles/Source/6.3.6. Consecutive Angles,40,40,159
1512,PAL.6.3.7,6.3.7,Angle Criteria for Parallel Lines,6. Geometry,6.3. Advanced Angles,6. Geometry/6.3. Advanced Angles/Lessons/6.3.7. Angle Criteria for Parallel Lines.md,6. Geometry/6.3. Advanced Angles/Source/6.3.7. Angle Criteria for Parallel Lines,41,41,160
1508,PAL.6.3.8,6.3.8,Angle Bisectors,6. Geometry,6.3. Advanced Angles,6. Geometry/6.3. Advanced Angles/Lessons/6.3.8. Angle Bisectors.md,6. Geometry/6.3. Advanced Angles/Source/6.3.8. Angle Bisectors,39,39,161
521,PAL.6.3.9,6.3.9,Segment Bisectors and the Perpendicular Bisector Theorem,6. Geometry,6.3. Advanced Angles,6. Geometry/6.3. Advanced Angles/Lessons/6.3.9. Segment Bisectors and the Perpendicular Bisector Theorem.md,6. Geometry/6.3. Advanced Angles/Source/6.3.9. Segment Bisectors and the Perpendicular Bisector Theorem,37,37,162
496,PAL.6.4.1,6.4.1,Interior Angles of Triangles,6. Geometry,6.4. Triangles,6. Geometry/6.4. Triangles/Lessons/6.4.1. Interior Angles of Triangles.md,6. Geometry/6.4. Triangles/Source/6.4.1. Interior Angles of Triangles,36,36,163
1458,PAL.6.4.2,6.4.2,Exterior Angles of Triangles,6. Geometry,6.4. Triangles,6. Geometry/6.4. Triangles/Lessons/6.4.2. Exterior Angles of Triangles.md,6. Geometry/6.4. Triangles/Source/6.4.2. Exterior Angles of Triangles,39,39,164
3731,PAL.6.4.3,6.4.3,Problem Solving With Angles of Triangles,6. Geometry,6.4. Triangles,6. Geometry/6.4. Triangles/Lessons/6.4.3. Problem Solving With Angles of Triangles.md,6. Geometry/6.4. Triangles/Source/6.4.3. Problem Solving With Angles of Triangles,41,41,165
1601,PAL.6.4.4,6.4.4,Classifying Triangles,6. Geometry,6.4. Triangles,6. Geometry/6.4. Triangles/Lessons/6.4.4. Classifying Triangles.md,6. Geometry/6.4. Triangles/Source/6.4.4. Classifying Triangles,37,37,166
766,PAL.6.4.5,6.4.5,The Triangle Inequality,6. Geometry,6.4. Triangles,6. Geometry/6.4. Triangles/Lessons/6.4.5. The Triangle Inequality.md,6. Geometry/6.4. Triangles/Source/6.4.5. The Triangle Inequality,22,22,167
1403,PAL.6.4.6,6.4.6,The Isosceles Triangle Theorem,6. Geometry,6.4. Triangles,6. Geometry/6.4. Triangles/Lessons/6.4.6. The Isosceles Triangle Theorem.md,6. Geometry/6.4. Triangles/Source/6.4.6. The Isosceles Triangle Theorem,39,39,168
1644,PAL.6.4.7,6.4.7,Heights of Triangles,6. Geometry,6.4. Triangles,6. Geometry/6.4. Triangles/Lessons/6.4.7. Heights of Triangles.md,6. Geometry/6.4. Triangles/Source/6.4.7. Heights of Triangles,38,38,169
1317,PAL.6.5.1,6.5.1,Polygons,6. Geometry,6.5. Polygons,6. Geometry/6.5. Polygons/Lessons/6.5.1. Polygons.md,6. Geometry/6.5. Polygons/Source/6.5.1. Polygons,1,1,170
1319,PAL.6.5.2,6.5.2,Interior Angles of Polygons,6. Geometry,6.5. Polygons,6. Geometry/6.5. Polygons/Lessons/6.5.2. Interior Angles of Polygons.md,6. Geometry/6.5. Polygons/Source/6.5.2. Interior Angles of Polygons,37,37,171
1321,PAL.6.5.3,6.5.3,Exterior Angles of Polygons,6. Geometry,6.5. Polygons,6. Geometry/6.5. Polygons/Lessons/6.5.3. Exterior Angles of Polygons.md,6. Geometry/6.5. Polygons/Source/6.5.3. Exterior Angles of Polygons,40,40,172
1515,PAL.6.5.4,6.5.4,Congruent Polygons,6. Geometry,6.5. Polygons,6. Geometry/6.5. Polygons/Lessons/6.5.4. Congruent Polygons.md,6. Geometry/6.5. Polygons/Source/6.5.4. Congruent Polygons,43,43,173
1322,PAL.6.5.5,6.5.5,Regular Polygons,6. Geometry,6.5. Polygons,6. Geometry/6.5. Polygons/Lessons/6.5.5. Regular Polygons.md,6. Geometry/6.5. Polygons/Source/6.5.5. Regular Polygons,41,41,174
1386,PAL.6.5.6,6.5.6,The Perimeter of a Polygon,6. Geometry,6.5. Polygons,6. Geometry/6.5. Polygons/Lessons/6.5.6. The Perimeter of a Polygon.md,6. Geometry/6.5. Polygons/Source/6.5.6. The Perimeter of a Polygon,42,42,175
1459,PAL.6.6.1,6.6.1,Classifying Quadrilaterals,6. Geometry,6.6. Quadrilaterals,6. Geometry/6.6. Quadrilaterals/Lessons/6.6.1. Classifying Quadrilaterals.md,6. Geometry/6.6. Quadrilaterals/Source/6.6.1. Classifying Quadrilaterals,30,30,176
1461,PAL.6.6.2,6.6.2,Properties of Rectangles and Squares,6. Geometry,6.6. Quadrilaterals,6. Geometry/6.6. Quadrilaterals/Lessons/6.6.2. Properties of Rectangles and Squares.md,6. Geometry/6.6. Quadrilaterals/Source/6.6.2. Properties of Rectangles and Squares,43,43,177
1460,PAL.6.6.3,6.6.3,Properties of Trapezoids,6. Geometry,6.6. Quadrilaterals,6. Geometry/6.6. Quadrilaterals/Lessons/6.6.3. Properties of Trapezoids.md,6. Geometry/6.6. Quadrilaterals/Source/6.6.3. Properties of Trapezoids,43,43,178
1352,PAL.6.7.1,6.7.1,Areas of Rectangles and Squares,6. Geometry,6.7. Area and Perimeter,6. Geometry/6.7. Area and Perimeter/Lessons/6.7.1. Areas of Rectangles and Squares.md,6. Geometry/6.7. Area and Perimeter/Source/6.7.1. Areas of Rectangles and Squares,44,44,179
1399,PAL.6.7.2,6.7.2,Areas of Parallelograms,6. Geometry,6.7. Area and Perimeter,6. Geometry/6.7. Area and Perimeter/Lessons/6.7.2. Areas of Parallelograms.md,6. Geometry/6.7. Area and Perimeter/Source/6.7.2. Areas of Parallelograms,45,45,180
1397,PAL.6.7.3,6.7.3,Areas of Triangles,6. Geometry,6.7. Area and Perimeter,6. Geometry/6.7. Area and Perimeter/Lessons/6.7.3. Areas of Triangles.md,6. Geometry/6.7. Area and Perimeter/Source/6.7.3. Areas of Triangles,45,45,181
1353,PAL.6.7.4,6.7.4,Areas of Trapezoids,6. Geometry,6.7. Area and Perimeter,6. Geometry/6.7. Area and Perimeter/Lessons/6.7.4. Areas of Trapezoids.md,6. Geometry/6.7. Area and Perimeter/Source/6.7.4. Areas of Trapezoids,46,46,182
1468,PAL.6.7.5,6.7.5,Areas and Perimeters of Composite Shapes,6. Geometry,6.7. Area and Perimeter,6. Geometry/6.7. Area and Perimeter/Lessons/6.7.5. Areas and Perimeters of Composite Shapes.md,6. Geometry/6.7. Area and Perimeter/Source/6.7.5. Areas and Perimeters of Composite Shapes,47,47,183
1435,PAL.6.7.6,6.7.6,The Area Between Two Shapes,6. Geometry,6.7. Area and Perimeter,6. Geometry/6.7. Area and Perimeter/Lessons/6.7.6. The Area Between Two Shapes.md,6. Geometry/6.7. Area and Perimeter/Source/6.7.6. The Area Between Two Shapes,48,48,184
2478,PAL.7.1.1,7.1.1,Introduction to Statistics,7. Statistics,7.1. Summarizing Data,7. Statistics/7.1. Summarizing Data/Lessons/7.1.1. Introduction to Statistics.md,7. Statistics/7.1. Summarizing Data/Source/7.1.1. Introduction to Statistics,0,0,185
2479,PAL.7.1.2,7.1.2,The Mean of a Data Set,7. Statistics,7.1. Summarizing Data,7. Statistics/7.1. Summarizing Data/Lessons/7.1.2. The Mean of a Data Set.md,7. Statistics/7.1. Summarizing Data/Source/7.1.2. The Mean of a Data Set,21,21,186
3749,PAL.7.1.3,7.1.3,The Median of a Data Set,7. Statistics,7.1. Summarizing Data,7. Statistics/7.1. Summarizing Data/Lessons/7.1.3. The Median of a Data Set.md,7. Statistics/7.1. Summarizing Data/Source/7.1.3. The Median of a Data Set,22,22,187
3579,PAL.7.1.4,7.1.4,The Mode of a Data Set,7. Statistics,7.1. Summarizing Data,7. Statistics/7.1. Summarizing Data/Lessons/7.1.4. The Mode of a Data Set.md,7. Statistics/7.1. Summarizing Data/Source/7.1.4. The Mode of a Data Set,1,1,188
2480,PAL.7.1.5,7.1.5,"Range, Quartiles, and IQR",7. Statistics,7.1. Summarizing Data,"7. Statistics/7.1. Summarizing Data/Lessons/7.1.5. Range, Quartiles, and IQR.md","7. Statistics/7.1. Summarizing Data/Source/7.1.5. Range, Quartiles, and IQR",23,23,189
2481,PAL.7.1.6,7.1.6,Mean Absolute Deviation,7. Statistics,7.1. Summarizing Data,7. Statistics/7.1. Summarizing Data/Lessons/7.1.6. Mean Absolute Deviation.md,7. Statistics/7.1. Summarizing Data/Source/7.1.6. Mean Absolute Deviation,22,22,190
3043,PAL.7.1.7,7.1.7,Comparing Data Sets Using Measures of Centrality,7. Statistics,7.1. Summarizing Data,7. Statistics/7.1. Summarizing Data/Lessons/7.1.7. Comparing Data Sets Using Measures of Centrality.md,7. Statistics/7.1. Summarizing Data/Source/7.1.7. Comparing Data Sets Using Measures of Centrality,23,23,191
2498,PAL.7.1.8,7.1.8,Comparing Data Sets Using Range and Quartiles,7. Statistics,7.1. Summarizing Data,7. Statistics/7.1. Summarizing Data/Lessons/7.1.8. Comparing Data Sets Using Range and Quartiles.md,7. Statistics/7.1. Summarizing Data/Source/7.1.8. Comparing Data Sets Using Range and Quartiles,25,25,192
6188,PAL.7.1.9,7.1.9,Comparing Data Set Visualizations Using Standard Deviation and MAD,7. Statistics,7.1. Summarizing Data,7. Statistics/7.1. Summarizing Data/Lessons/7.1.9. Comparing Data Set Visualizations Using Standard Deviation and MAD.md,7. Statistics/7.1. Summarizing Data/Source/7.1.9. Comparing Data Set Visualizations Using Standard Deviation and MAD,26,26,193
6363,PAL.7.1.10,7.1.10,Comparing Data Sets Using Standard Deviation and MAD,7. Statistics,7.1. Summarizing Data,7. Statistics/7.1. Summarizing Data/Lessons/7.1.10. Comparing Data Sets Using Standard Deviation and MAD.md,7. Statistics/7.1. Summarizing Data/Source/7.1.10. Comparing Data Sets Using Standard Deviation and MAD,27,27,194
2517,PAL.7.1.11,7.1.11,Outliers,7. Statistics,7.1. Summarizing Data,7. Statistics/7.1. Summarizing Data/Lessons/7.1.11. Outliers.md,7. Statistics/7.1. Summarizing Data/Source/7.1.11. Outliers,1,1,195
3755,PAL.7.1.12,7.1.12,Removing Outliers,7. Statistics,7.1. Summarizing Data,7. Statistics/7.1. Summarizing Data/Lessons/7.1.12. Removing Outliers.md,7. Statistics/7.1. Summarizing Data/Source/7.1.12. Removing Outliers,24,24,196
2509,PAL.7.2.1,7.2.1,Frequency Tables,7. Statistics,7.2. Representing Data,7. Statistics/7.2. Representing Data/Lessons/7.2.1. Frequency Tables.md,7. Statistics/7.2. Representing Data/Source/7.2.1. Frequency Tables,1,1,197
2499,PAL.7.2.2,7.2.2,Dot Plots,7. Statistics,7.2. Representing Data,7. Statistics/7.2. Representing Data/Lessons/7.2.2. Dot Plots.md,7. Statistics/7.2. Representing Data/Source/7.2.2. Dot Plots,2,2,198
2500,PAL.7.2.3,7.2.3,Measuring Centrality From Dot Plots,7. Statistics,7.2. Representing Data,7. Statistics/7.2. Representing Data/Lessons/7.2.3. Measuring Centrality From Dot Plots.md,7. Statistics/7.2. Representing Data/Source/7.2.3. Measuring Centrality From Dot Plots,23,23,199
2501,PAL.7.2.4,7.2.4,Measuring Range and MAD From Dot Plots,7. Statistics,7.2. Representing Data,7. Statistics/7.2. Representing Data/Lessons/7.2.4. Measuring Range and MAD From Dot Plots.md,7. Statistics/7.2. Representing Data/Source/7.2.4. Measuring Range and MAD From Dot Plots,24,24,200
3757,PAL.7.2.5,7.2.5,Measuring Quartiles and IQR From Dot Plots,7. Statistics,7.2. Representing Data,7. Statistics/7.2. Representing Data/Lessons/7.2.5. Measuring Quartiles and IQR From Dot Plots.md,7. Statistics/7.2. Representing Data/Source/7.2.5. Measuring Quartiles and IQR From Dot Plots,24,24,201
2502,PAL.7.2.6,7.2.6,"Symmetry, Skew, and Outliers",7. Statistics,7.2. Representing Data,"7. Statistics/7.2. Representing Data/Lessons/7.2.6. Symmetry, Skew, and Outliers.md","7. Statistics/7.2. Representing Data/Source/7.2.6. Symmetry, Skew, and Outliers",25,25,202
2482,PAL.7.2.7,7.2.7,Box Plots,7. Statistics,7.2. Representing Data,7. Statistics/7.2. Representing Data/Lessons/7.2.7. Box Plots.md,7. Statistics/7.2. Representing Data/Source/7.2.7. Box Plots,24,24,203
2510,PAL.7.2.8,7.2.8,Histograms,7. Statistics,7.2. Representing Data,7. Statistics/7.2. Representing Data/Lessons/7.2.8. Histograms.md,7. Statistics/7.2. Representing Data/Source/7.2.8. Histograms,23,23,204
2516,PAL.7.2.9,7.2.9,Comparing Measures of Center,7. Statistics,7.2. Representing Data,7. Statistics/7.2. Representing Data/Lessons/7.2.9. Comparing Measures of Center.md,7. Statistics/7.2. Representing Data/Source/7.2.9. Comparing Measures of Center,26,26,205
3758,PAL.7.2.10,7.2.10,Comparing Measures of Spread,7. Statistics,7.2. Representing Data,7. Statistics/7.2. Representing Data/Lessons/7.2.10. Comparing Measures of Spread.md,7. Statistics/7.2. Representing Data/Source/7.2.10. Comparing Measures of Spread,27,27,206
