role,layer,course,topic-id,topic-number,topic-name,md-path,src-path,local-md-path,local-src-path,assignment
lesson,32,MF3,477,9.1.1,Approximating Areas With the Left Riemann Sum,vault/MA/Mathematical-Foundations/MF3/9. Definite Integrals/9.1. Approximating Areas with Riemann Sums/Lessons/9.1.1. Approximating Areas With the Left Riemann Sum.md,vault/MA/Mathematical-Foundations/MF3/9. Definite Integrals/9.1. Approximating Areas with Riemann Sums/Source/9.1.1. Approximating Areas With the Left Riemann Sum,252/M-1/OHW-1/Lessons/Approximating Areas With the Left Riemann Sum - 477.md;252/M-1/WHW-1/Prerequisites/Approximating Areas With the Left Riemann Sum - 477.md;252/M-2/OHW-2/Lessons/Approximating Areas With the Left Riemann Sum - 477.md;252/M-2/WHW-2/Lessons/Approximating Areas With the Left Riemann Sum - 477.md,252/M-1/OHW-1/Source/Approximating Areas With the Left Riemann Sum - 477;252/M-1/WHW-1/Source/Approximating Areas With the Left Riemann Sum - 477;252/M-2/OHW-2/Source/Approximating Areas With the Left Riemann Sum - 477;252/M-2/WHW-2/Source/Approximating Areas With the Left Riemann Sum - 477,M-1/OHW-1;M-1/WHW-1;M-2/OHW-2;M-2/WHW-2
lesson,32,MF3,1281,9.1.2,Approximating Areas With the Right Riemann Sum,vault/MA/Mathematical-Foundations/MF3/9. Definite Integrals/9.1. Approximating Areas with Riemann Sums/Lessons/9.1.2. Approximating Areas With the Right Riemann Sum.md,vault/MA/Mathematical-Foundations/MF3/9. Definite Integrals/9.1. Approximating Areas with Riemann Sums/Source/9.1.2. Approximating Areas With the Right Riemann Sum,252/M-1/OHW-1/Lessons/Approximating Areas With the Right Riemann Sum - 1281.md;252/M-1/WHW-1/Lessons/Approximating Areas With the Right Riemann Sum - 1281.md;252/M-2/OHW-2/Lessons/Approximating Areas With the Right Riemann Sum - 1281.md;252/M-2/WHW-2/Lessons/Approximating Areas With the Right Riemann Sum - 1281.md,252/M-1/OHW-1/Source/Approximating Areas With the Right Riemann Sum - 1281;252/M-1/WHW-1/Source/Approximating Areas With the Right Riemann Sum - 1281;252/M-2/OHW-2/Source/Approximating Areas With the Right Riemann Sum - 1281;252/M-2/WHW-2/Source/Approximating Areas With the Right Riemann Sum - 1281,M-1/OHW-1;M-1/WHW-1;M-2/OHW-2;M-2/WHW-2
lesson,33,MF3,1042,9.1.3,Left and Right Riemann Sums in Sigma Notation,vault/MA/Mathematical-Foundations/MF3/9. Definite Integrals/9.1. Approximating Areas with Riemann Sums/Lessons/9.1.3. Left and Right Riemann Sums in Sigma Notation.md,vault/MA/Mathematical-Foundations/MF3/9. Definite Integrals/9.1. Approximating Areas with Riemann Sums/Source/9.1.3. Left and Right Riemann Sums in Sigma Notation,252/M-1/OHW-1/Lessons/Left and Right Riemann Sums in Sigma Notation - 1042.md;252/M-1/WHW-1/Lessons/Left and Right Riemann Sums in Sigma Notation - 1042.md;252/M-2/OHW-2/Lessons/Left and Right Riemann Sums in Sigma Notation - 1042.md;252/M-2/WHW-2/Lessons/Left and Right Riemann Sums in Sigma Notation - 1042.md,252/M-1/OHW-1/Source/Left and Right Riemann Sums in Sigma Notation - 1042;252/M-1/WHW-1/Source/Left and Right Riemann Sums in Sigma Notation - 1042;252/M-2/OHW-2/Source/Left and Right Riemann Sums in Sigma Notation - 1042;252/M-2/WHW-2/Source/Left and Right Riemann Sums in Sigma Notation - 1042,M-1/OHW-1;M-1/WHW-1;M-2/OHW-2;M-2/WHW-2
lesson,39,MF3,1086,9.2.1,Defining Definite Integrals Using Left and Right Riemann Sums,vault/MA/Mathematical-Foundations/MF3/9. Definite Integrals/9.2. Definite Integrals/Lessons/9.2.1. Defining Definite Integrals Using Left and Right Riemann Sums.md,vault/MA/Mathematical-Foundations/MF3/9. Definite Integrals/9.2. Definite Integrals/Source/9.2.1. Defining Definite Integrals Using Left and Right Riemann Sums,252/M-2/OHW-2/Lessons/Defining Definite Integrals Using Left and Right Riemann Sums - 1086.md;252/M-2/WHW-2/Lessons/Defining Definite Integrals Using Left and Right Riemann Sums - 1086.md,252/M-2/OHW-2/Source/Defining Definite Integrals Using Left and Right Riemann Sums - 1086;252/M-2/WHW-2/Source/Defining Definite Integrals Using Left and Right Riemann Sums - 1086,M-2/OHW-2;M-2/WHW-2
lesson,47,MF3,283,9.2.2,The Fundamental Theorem of Calculus,vault/MA/Mathematical-Foundations/MF3/9. Definite Integrals/9.2. Definite Integrals/Lessons/9.2.2. The Fundamental Theorem of Calculus.md,vault/MA/Mathematical-Foundations/MF3/9. Definite Integrals/9.2. Definite Integrals/Source/9.2.2. The Fundamental Theorem of Calculus,252/M-3/WHW-3/Lessons/The Fundamental Theorem of Calculus - 283.md,252/M-3/WHW-3/Source/The Fundamental Theorem of Calculus - 283,M-3/WHW-3
lesson,48,MF3,3575,9.2.3,Applying the Fundamental Theorem of Calculus to Exponential and Trigonometric Functions,vault/MA/Mathematical-Foundations/MF3/9. Definite Integrals/9.2. Definite Integrals/Lessons/9.2.3. Applying the Fundamental Theorem of Calculus to Exponential and Trigonometric Functions.md,vault/MA/Mathematical-Foundations/MF3/9. Definite Integrals/9.2. Definite Integrals/Source/9.2.3. Applying the Fundamental Theorem of Calculus to Exponential and Trigonometric Functions,252/M-2/OHW-2/Prerequisites/Applying the Fundamental Theorem of Calculus to Exponential and Trigonometric Functions - 3575.md;252/M-2/WHW-2/Prerequisites/Applying the Fundamental Theorem of Calculus to Exponential and Trigonometric Functions - 3575.md;252/M-3/WHW-3/Lessons/Applying the Fundamental Theorem of Calculus to Exponential and Trigonometric Functions - 3575.md,252/M-2/OHW-2/Source/Applying the Fundamental Theorem of Calculus to Exponential and Trigonometric Functions - 3575;252/M-2/WHW-2/Source/Applying the Fundamental Theorem of Calculus to Exponential and Trigonometric Functions - 3575;252/M-3/WHW-3/Source/Applying the Fundamental Theorem of Calculus to Exponential and Trigonometric Functions - 3575,M-2/OHW-2;M-2/WHW-2;M-3/WHW-3
lesson,49,MF3,1685,9.2.4,The Sum and Constant Multiple Rules for Definite Integrals,vault/MA/Mathematical-Foundations/MF3/9. Definite Integrals/9.2. Definite Integrals/Lessons/9.2.4. The Sum and Constant Multiple Rules for Definite Integrals.md,vault/MA/Mathematical-Foundations/MF3/9. Definite Integrals/9.2. Definite Integrals/Source/9.2.4. The Sum and Constant Multiple Rules for Definite Integrals,252/M-2/OHW-2/Lessons/The Sum and Constant Multiple Rules for Definite Integrals - 1685.md;252/M-2/WHW-2/Lessons/The Sum and Constant Multiple Rules for Definite Integrals - 1685.md;252/M-3/WHW-3/Lessons/The Sum and Constant Multiple Rules for Definite Integrals - 1685.md,252/M-2/OHW-2/Source/The Sum and Constant Multiple Rules for Definite Integrals - 1685;252/M-2/WHW-2/Source/The Sum and Constant Multiple Rules for Definite Integrals - 1685;252/M-3/WHW-3/Source/The Sum and Constant Multiple Rules for Definite Integrals - 1685,M-2/OHW-2;M-2/WHW-2;M-3/WHW-3
lesson,50,MF3,632,9.2.5,Properties of Definite Integrals Involving the Limits of Integration,vault/MA/Mathematical-Foundations/MF3/9. Definite Integrals/9.2. Definite Integrals/Lessons/9.2.5. Properties of Definite Integrals Involving the Limits of Integration.md,vault/MA/Mathematical-Foundations/MF3/9. Definite Integrals/9.2. Definite Integrals/Source/9.2.5. Properties of Definite Integrals Involving the Limits of Integration,252/M-2/OHW-2/Lessons/Properties of Definite Integrals Involving the Limits of Integration - 632.md;252/M-2/WHW-2/Lessons/Properties of Definite Integrals Involving the Limits of Integration - 632.md;252/M-3/WHW-3/Lessons/Properties of Definite Integrals Involving the Limits of Integration - 632.md,252/M-2/OHW-2/Source/Properties of Definite Integrals Involving the Limits of Integration - 632;252/M-2/WHW-2/Source/Properties of Definite Integrals Involving the Limits of Integration - 632;252/M-3/WHW-3/Source/Properties of Definite Integrals Involving the Limits of Integration - 632,M-2/OHW-2;M-2/WHW-2;M-3/WHW-3
lesson,50,MF3,1040,9.3.1,The Area Bounded by a Curve and the X-Axis,vault/MA/Mathematical-Foundations/MF3/9. Definite Integrals/9.3. The Area Under a Curve/Lessons/9.3.1. The Area Bounded by a Curve and the X-Axis.md,vault/MA/Mathematical-Foundations/MF3/9. Definite Integrals/9.3. The Area Under a Curve/Source/9.3.1. The Area Bounded by a Curve and the X-Axis,252/M-2/OHW-2/Lessons/The Area Bounded by a Curve and the X-Axis - 1040.md;252/M-2/WHW-2/Lessons/The Area Bounded by a Curve and the X-Axis - 1040.md;252/M-3/WHW-3/Prerequisites/The Area Bounded by a Curve and the X-Axis - 1040.md,252/M-2/OHW-2/Source/The Area Bounded by a Curve and the X-Axis - 1040;252/M-2/WHW-2/Source/The Area Bounded by a Curve and the X-Axis - 1040;252/M-3/WHW-3/Source/The Area Bounded by a Curve and the X-Axis - 1040,M-2/OHW-2;M-2/WHW-2;M-3/WHW-3
lesson,51,MF3,1432,9.3.4,Finding the Area Between a Curve and the X-Axis When They Intersect,vault/MA/Mathematical-Foundations/MF3/9. Definite Integrals/9.3. The Area Under a Curve/Lessons/9.3.4. Finding the Area Between a Curve and the X-Axis When They Intersect.md,vault/MA/Mathematical-Foundations/MF3/9. Definite Integrals/9.3. The Area Under a Curve/Source/9.3.4. Finding the Area Between a Curve and the X-Axis When They Intersect,252/M-2/OHW-2/Lessons/Finding the Area Between a Curve and the X-Axis When They Intersect - 1432.md;252/M-2/WHW-2/Lessons/Finding the Area Between a Curve and the X-Axis When They Intersect - 1432.md;252/M-3/WHW-3/Lessons/Finding the Area Between a Curve and the X-Axis When They Intersect - 1432.md,252/M-2/OHW-2/Source/Finding the Area Between a Curve and the X-Axis When They Intersect - 1432;252/M-2/WHW-2/Source/Finding the Area Between a Curve and the X-Axis When They Intersect - 1432;252/M-3/WHW-3/Source/Finding the Area Between a Curve and the X-Axis When They Intersect - 1432,M-2/OHW-2;M-2/WHW-2;M-3/WHW-3
lesson,51,MF3,1200,9.3.5,Calculating the Definite Integral of a Function Given Its Graph,vault/MA/Mathematical-Foundations/MF3/9. Definite Integrals/9.3. The Area Under a Curve/Lessons/9.3.5. Calculating the Definite Integral of a Function Given Its Graph.md,vault/MA/Mathematical-Foundations/MF3/9. Definite Integrals/9.3. The Area Under a Curve/Source/9.3.5. Calculating the Definite Integral of a Function Given Its Graph,252/M-2/OHW-2/Lessons/Calculating the Definite Integral of a Function Given Its Graph - 1200.md;252/M-2/WHW-2/Lessons/Calculating the Definite Integral of a Function Given Its Graph - 1200.md;252/M-3/WHW-3/Prerequisites/Calculating the Definite Integral of a Function Given Its Graph - 1200.md,252/M-2/OHW-2/Source/Calculating the Definite Integral of a Function Given Its Graph - 1200;252/M-2/WHW-2/Source/Calculating the Definite Integral of a Function Given Its Graph - 1200;252/M-3/WHW-3/Source/Calculating the Definite Integral of a Function Given Its Graph - 1200,M-2/OHW-2;M-2/WHW-2;M-3/WHW-3
lesson,52,MF3,626,9.3.6,Definite Integrals of Piecewise Functions,vault/MA/Mathematical-Foundations/MF3/9. Definite Integrals/9.3. The Area Under a Curve/Lessons/9.3.6. Definite Integrals of Piecewise Functions.md,vault/MA/Mathematical-Foundations/MF3/9. Definite Integrals/9.3. The Area Under a Curve/Source/9.3.6. Definite Integrals of Piecewise Functions,252/M-2/OHW-2/Lessons/Definite Integrals of Piecewise Functions - 626.md;252/M-2/WHW-2/Lessons/Definite Integrals of Piecewise Functions - 626.md,252/M-2/OHW-2/Source/Definite Integrals of Piecewise Functions - 626;252/M-2/WHW-2/Source/Definite Integrals of Piecewise Functions - 626,M-2/OHW-2;M-2/WHW-2
lesson,52,MF3,333,9.4.1,The Integral as an Accumulation Function,vault/MA/Mathematical-Foundations/MF3/9. Definite Integrals/9.4. Accumulation Functions/Lessons/9.4.1. The Integral as an Accumulation Function.md,vault/MA/Mathematical-Foundations/MF3/9. Definite Integrals/9.4. Accumulation Functions/Source/9.4.1. The Integral as an Accumulation Function,252/M-1/OHW-1/Prerequisites/The Integral as an Accumulation Function - 333.md;252/M-3/WHW-3/Lessons/The Integral as an Accumulation Function - 333.md,252/M-1/OHW-1/Source/The Integral as an Accumulation Function - 333;252/M-3/WHW-3/Source/The Integral as an Accumulation Function - 333,M-1/OHW-1;M-3/WHW-3
lesson,52,MF3,1203,9.5.1,The Average Value of a Function,vault/MA/Mathematical-Foundations/MF3/9. Definite Integrals/9.5. Applications of Integration/Lessons/9.5.1. The Average Value of a Function.md,vault/MA/Mathematical-Foundations/MF3/9. Definite Integrals/9.5. Applications of Integration/Source/9.5.1. The Average Value of a Function,252/M-2/OHW-2/Lessons/The Average Value of a Function - 1203.md;252/M-2/WHW-2/Lessons/The Average Value of a Function - 1203.md;252/M-3/WHW-3/Lessons/The Average Value of a Function - 1203.md,252/M-2/OHW-2/Source/The Average Value of a Function - 1203;252/M-2/WHW-2/Source/The Average Value of a Function - 1203;252/M-3/WHW-3/Source/The Average Value of a Function - 1203,M-2/OHW-2;M-2/WHW-2;M-3/WHW-3
lesson,53,MF3,613,9.4.2,The Second Fundamental Theorem of Calculus,vault/MA/Mathematical-Foundations/MF3/9. Definite Integrals/9.4. Accumulation Functions/Lessons/9.4.2. The Second Fundamental Theorem of Calculus.md,vault/MA/Mathematical-Foundations/MF3/9. Definite Integrals/9.4. Accumulation Functions/Source/9.4.2. The Second Fundamental Theorem of Calculus,252/M-3/WHW-3/Lessons/The Second Fundamental Theorem of Calculus - 613.md,252/M-3/WHW-3/Source/The Second Fundamental Theorem of Calculus - 613,M-3/WHW-3
lesson,54,MF3,335,11.1.6,Calculating the Position Function of a Particle Using Integration,"vault/MA/Mathematical-Foundations/MF3/11. Contextual Applications of Calculus/11.1. Displacement, Velocity, and Acceleration/Lessons/11.1.6. Calculating the Position Function of a Particle Using Integration.md","vault/MA/Mathematical-Foundations/MF3/11. Contextual Applications of Calculus/11.1. Displacement, Velocity, and Acceleration/Source/11.1.6. Calculating the Position Function of a Particle Using Integration",252/M-1/OHW-1/Prerequisites/Calculating the Position Function of a Particle Using Integration - 335.md;252/M-3/WHW-3/Lessons/Calculating the Position Function of a Particle Using Integration - 335.md,252/M-1/OHW-1/Source/Calculating the Position Function of a Particle Using Integration - 335;252/M-3/WHW-3/Source/Calculating the Position Function of a Particle Using Integration - 335,M-1/OHW-1;M-3/WHW-3
lesson,55,MF3,3576,11.1.7,Calculating the Displacement of a Particle Using Integration,"vault/MA/Mathematical-Foundations/MF3/11. Contextual Applications of Calculus/11.1. Displacement, Velocity, and Acceleration/Lessons/11.1.7. Calculating the Displacement of a Particle Using Integration.md","vault/MA/Mathematical-Foundations/MF3/11. Contextual Applications of Calculus/11.1. Displacement, Velocity, and Acceleration/Source/11.1.7. Calculating the Displacement of a Particle Using Integration",252/M-1/OHW-1/Lessons/Calculating the Displacement of a Particle Using Integration - 3576.md;252/M-3/WHW-3/Lessons/Calculating the Displacement of a Particle Using Integration - 3576.md,252/M-1/OHW-1/Source/Calculating the Displacement of a Particle Using Integration - 3576;252/M-3/WHW-3/Source/Calculating the Displacement of a Particle Using Integration - 3576,M-1/OHW-1;M-3/WHW-3
prerequisite,24,MF2,2271,7.1.1,Introduction to Sequences,vault/MA/Mathematical-Foundations/MF2/7. Sequences/7.1. Introduction to Sequences/Lessons/7.1.1. Introduction to Sequences.md,vault/MA/Mathematical-Foundations/MF2/7. Sequences/7.1. Introduction to Sequences/Source/7.1.1. Introduction to Sequences,252/M-1/WHW-1/Prerequisites/Introduction to Sequences - 2271.md,252/M-1/WHW-1/Source/Introduction to Sequences - 2271,M-1/WHW-1
prerequisite,26,MF1,3748,5.7.2,Solving Equations With Odd Exponents Using the Nth Root Method,vault/MA/Mathematical-Foundations/MF1/5. Equations & Inequalities/5.7. Nonlinear Equations/Lessons/5.7.2. Solving Equations With Odd Exponents Using the Nth Root Method.md,vault/MA/Mathematical-Foundations/MF1/5. Equations & Inequalities/5.7. Nonlinear Equations/Source/5.7.2. Solving Equations With Odd Exponents Using the Nth Root Method,252/M-2/OHW-2/Prerequisites/Solving Equations With Odd Exponents Using the Nth Root Method - 3748.md;252/M-2/WHW-2/Prerequisites/Solving Equations With Odd Exponents Using the Nth Root Method - 3748.md;252/M-3/WHW-3/Prerequisites/Solving Equations With Odd Exponents Using the Nth Root Method - 3748.md,252/M-2/OHW-2/Source/Solving Equations With Odd Exponents Using the Nth Root Method - 3748;252/M-2/WHW-2/Source/Solving Equations With Odd Exponents Using the Nth Root Method - 3748;252/M-3/WHW-3/Source/Solving Equations With Odd Exponents Using the Nth Root Method - 3748,M-2/OHW-2;M-2/WHW-2;M-3/WHW-3
prerequisite,26,MF2,3817,4.1.3,Describing Function Composition,vault/MA/Mathematical-Foundations/MF2/4. Functions/4.1. Functions/Lessons/4.1.3. Describing Function Composition.md,vault/MA/Mathematical-Foundations/MF2/4. Functions/4.1. Functions/Source/4.1.3. Describing Function Composition,252/M-1/OHW-1/Prerequisites/Describing Function Composition - 3817.md;252/M-1/WHW-1/Prerequisites/Describing Function Composition - 3817.md;252/M-2/OHW-2/Prerequisites/Describing Function Composition - 3817.md;252/M-2/WHW-2/Prerequisites/Describing Function Composition - 3817.md,252/M-1/OHW-1/Source/Describing Function Composition - 3817;252/M-1/WHW-1/Source/Describing Function Composition - 3817;252/M-2/OHW-2/Source/Describing Function Composition - 3817;252/M-2/WHW-2/Source/Describing Function Composition - 3817,M-1/OHW-1;M-1/WHW-1;M-2/OHW-2;M-2/WHW-2
prerequisite,27,MF1,1587,5.7.3,Solving Equations With Even Exponents Using the Nth Root Method,vault/MA/Mathematical-Foundations/MF1/5. Equations & Inequalities/5.7. Nonlinear Equations/Lessons/5.7.3. Solving Equations With Even Exponents Using the Nth Root Method.md,vault/MA/Mathematical-Foundations/MF1/5. Equations & Inequalities/5.7. Nonlinear Equations/Source/5.7.3. Solving Equations With Even Exponents Using the Nth Root Method,252/M-2/OHW-2/Prerequisites/Solving Equations With Even Exponents Using the Nth Root Method - 1587.md;252/M-2/WHW-2/Prerequisites/Solving Equations With Even Exponents Using the Nth Root Method - 1587.md;252/M-3/WHW-3/Prerequisites/Solving Equations With Even Exponents Using the Nth Root Method - 1587.md,252/M-2/OHW-2/Source/Solving Equations With Even Exponents Using the Nth Root Method - 1587;252/M-2/WHW-2/Source/Solving Equations With Even Exponents Using the Nth Root Method - 1587;252/M-3/WHW-3/Source/Solving Equations With Even Exponents Using the Nth Root Method - 1587,M-2/OHW-2;M-2/WHW-2;M-3/WHW-3
prerequisite,27,MF1,1352,13.3.1,Areas of Rectangles and Squares,vault/MA/Mathematical-Foundations/MF1/13. Polygons/13.3. Area and Perimeter/Lessons/13.3.1. Areas of Rectangles and Squares.md,vault/MA/Mathematical-Foundations/MF1/13. Polygons/13.3. Area and Perimeter/Source/13.3.1. Areas of Rectangles and Squares,252/M-1/OHW-1/Prerequisites/Areas of Rectangles and Squares - 1352.md;252/M-1/WHW-1/Prerequisites/Areas of Rectangles and Squares - 1352.md;252/M-2/OHW-2/Prerequisites/Areas of Rectangles and Squares - 1352.md;252/M-2/WHW-2/Prerequisites/Areas of Rectangles and Squares - 1352.md,252/M-1/OHW-1/Source/Areas of Rectangles and Squares - 1352;252/M-1/WHW-1/Source/Areas of Rectangles and Squares - 1352;252/M-2/OHW-2/Source/Areas of Rectangles and Squares - 1352;252/M-2/WHW-2/Source/Areas of Rectangles and Squares - 1352,M-1/OHW-1;M-1/WHW-1;M-2/OHW-2;M-2/WHW-2
prerequisite,28,MF1,1745,12.4.4,Areas of Circles,vault/MA/Mathematical-Foundations/MF1/12. Geometry Fundamentals/12.4. Circles/Lessons/12.4.4. Areas of Circles.md,vault/MA/Mathematical-Foundations/MF1/12. Geometry Fundamentals/12.4. Circles/Source/12.4.4. Areas of Circles,252/M-2/OHW-2/Prerequisites/Areas of Circles - 1745.md;252/M-2/WHW-2/Prerequisites/Areas of Circles - 1745.md,252/M-2/OHW-2/Source/Areas of Circles - 1745;252/M-2/WHW-2/Source/Areas of Circles - 1745,M-2/OHW-2;M-2/WHW-2
prerequisite,30,MF2,660,2.2.2,Factoring Higher-Order Polynomials as a Difference of Squares,vault/MA/Mathematical-Foundations/MF2/2. Polynomials/2.2. Factoring Polynomials/Lessons/2.2.2. Factoring Higher-Order Polynomials as a Difference of Squares.md,vault/MA/Mathematical-Foundations/MF2/2. Polynomials/2.2. Factoring Polynomials/Source/2.2.2. Factoring Higher-Order Polynomials as a Difference of Squares,252/M-2/OHW-2/Prerequisites/Factoring Higher-Order Polynomials as a Difference of Squares - 660.md;252/M-2/WHW-2/Prerequisites/Factoring Higher-Order Polynomials as a Difference of Squares - 660.md;252/M-3/WHW-3/Prerequisites/Factoring Higher-Order Polynomials as a Difference of Squares - 660.md,252/M-2/OHW-2/Source/Factoring Higher-Order Polynomials as a Difference of Squares - 660;252/M-2/WHW-2/Source/Factoring Higher-Order Polynomials as a Difference of Squares - 660;252/M-3/WHW-3/Source/Factoring Higher-Order Polynomials as a Difference of Squares - 660,M-2/OHW-2;M-2/WHW-2;M-3/WHW-3
prerequisite,31,MF1,1628,8.1.10,Increasing and Decreasing Functions,vault/MA/Mathematical-Foundations/MF1/8. Functions/8.1. Functions/Lessons/8.1.10. Increasing and Decreasing Functions.md,vault/MA/Mathematical-Foundations/MF1/8. Functions/8.1. Functions/Source/8.1.10. Increasing and Decreasing Functions,252/M-1/OHW-1/Prerequisites/Increasing and Decreasing Functions - 1628.md;252/M-1/WHW-1/Prerequisites/Increasing and Decreasing Functions - 1628.md;252/M-2/OHW-2/Prerequisites/Increasing and Decreasing Functions - 1628.md;252/M-2/WHW-2/Prerequisites/Increasing and Decreasing Functions - 1628.md,252/M-1/OHW-1/Source/Increasing and Decreasing Functions - 1628;252/M-1/WHW-1/Source/Increasing and Decreasing Functions - 1628;252/M-2/OHW-2/Source/Increasing and Decreasing Functions - 1628;252/M-2/WHW-2/Source/Increasing and Decreasing Functions - 1628,M-1/OHW-1;M-1/WHW-1;M-2/OHW-2;M-2/WHW-2
prerequisite,31,MF2,84,1.2.3,Graphs of General Quadratic Functions,vault/MA/Mathematical-Foundations/MF2/1. Quadratics/1.2. Quadratic Functions/Lessons/1.2.3. Graphs of General Quadratic Functions.md,vault/MA/Mathematical-Foundations/MF2/1. Quadratics/1.2. Quadratic Functions/Source/1.2.3. Graphs of General Quadratic Functions,252/M-1/OHW-1/Prerequisites/Graphs of General Quadratic Functions - 84.md;252/M-1/WHW-1/Prerequisites/Graphs of General Quadratic Functions - 84.md;252/M-2/OHW-2/Prerequisites/Graphs of General Quadratic Functions - 84.md;252/M-2/WHW-2/Prerequisites/Graphs of General Quadratic Functions - 84.md,252/M-1/OHW-1/Source/Graphs of General Quadratic Functions - 84;252/M-1/WHW-1/Source/Graphs of General Quadratic Functions - 84;252/M-2/OHW-2/Source/Graphs of General Quadratic Functions - 84;252/M-2/WHW-2/Source/Graphs of General Quadratic Functions - 84,M-1/OHW-1;M-1/WHW-1;M-2/OHW-2;M-2/WHW-2
prerequisite,32,MF1,1353,13.3.3,Areas of Trapezoids,vault/MA/Mathematical-Foundations/MF1/13. Polygons/13.3. Area and Perimeter/Lessons/13.3.3. Areas of Trapezoids.md,vault/MA/Mathematical-Foundations/MF1/13. Polygons/13.3. Area and Perimeter/Source/13.3.3. Areas of Trapezoids,252/M-2/OHW-2/Prerequisites/Areas of Trapezoids - 1353.md;252/M-2/WHW-2/Prerequisites/Areas of Trapezoids - 1353.md,252/M-2/OHW-2/Source/Areas of Trapezoids - 1353;252/M-2/WHW-2/Source/Areas of Trapezoids - 1353,M-2/OHW-2;M-2/WHW-2
prerequisite,32,MF2,3958,7.1.5,Properties of Finite Series,vault/MA/Mathematical-Foundations/MF2/7. Sequences/7.1. Introduction to Sequences/Lessons/7.1.5. Properties of Finite Series.md,vault/MA/Mathematical-Foundations/MF2/7. Sequences/7.1. Introduction to Sequences/Source/7.1.5. Properties of Finite Series,252/M-1/OHW-1/Prerequisites/Properties of Finite Series - 3958.md;252/M-1/WHW-1/Prerequisites/Properties of Finite Series - 3958.md;252/M-2/OHW-2/Prerequisites/Properties of Finite Series - 3958.md;252/M-2/WHW-2/Prerequisites/Properties of Finite Series - 3958.md,252/M-1/OHW-1/Source/Properties of Finite Series - 3958;252/M-1/WHW-1/Source/Properties of Finite Series - 3958;252/M-2/OHW-2/Source/Properties of Finite Series - 3958;252/M-2/WHW-2/Source/Properties of Finite Series - 3958,M-1/OHW-1;M-1/WHW-1;M-2/OHW-2;M-2/WHW-2
prerequisite,33,MF1,1590,6.2.6,Calculating Distance From a Speed-Time Graph,vault/MA/Mathematical-Foundations/MF1/6. Two-Variable Equations/6.2. Modeling With Two-Variable Linear Equations/Lessons/6.2.6. Calculating Distance From a Speed-Time Graph.md,vault/MA/Mathematical-Foundations/MF1/6. Two-Variable Equations/6.2. Modeling With Two-Variable Linear Equations/Source/6.2.6. Calculating Distance From a Speed-Time Graph,252/M-3/WHW-3/Prerequisites/Calculating Distance From a Speed-Time Graph - 1590.md,252/M-3/WHW-3/Source/Calculating Distance From a Speed-Time Graph - 1590,M-3/WHW-3
prerequisite,33,MF2,269,9.4.1,Finding Trigonometric Ratios of Quadrantal Angles,vault/MA/Mathematical-Foundations/MF2/9. Trigonometry/9.4. Special Trigonometric Ratios/Lessons/9.4.1. Finding Trigonometric Ratios of Quadrantal Angles.md,vault/MA/Mathematical-Foundations/MF2/9. Trigonometry/9.4. Special Trigonometric Ratios/Source/9.4.1. Finding Trigonometric Ratios of Quadrantal Angles,252/M-1/WHW-1/Prerequisites/Finding Trigonometric Ratios of Quadrantal Angles - 269.md,252/M-1/WHW-1/Source/Finding Trigonometric Ratios of Quadrantal Angles - 269,M-1/WHW-1
prerequisite,34,MF2,268,9.4.3,Finding Trigonometric Ratios of Special Angles Using the Unit Circle,vault/MA/Mathematical-Foundations/MF2/9. Trigonometry/9.4. Special Trigonometric Ratios/Lessons/9.4.3. Finding Trigonometric Ratios of Special Angles Using the Unit Circle.md,vault/MA/Mathematical-Foundations/MF2/9. Trigonometry/9.4. Special Trigonometric Ratios/Source/9.4.3. Finding Trigonometric Ratios of Special Angles Using the Unit Circle,252/M-1/WHW-1/Prerequisites/Finding Trigonometric Ratios of Special Angles Using the Unit Circle - 268.md,252/M-1/WHW-1/Source/Finding Trigonometric Ratios of Special Angles Using the Unit Circle - 268,M-1/WHW-1
prerequisite,38,MF2,1873,11.1.4,Limits at Infinity from Graphs,vault/MA/Mathematical-Foundations/MF2/11. Limits & Continuity/11.1. Estimating Limits from Graphs/Lessons/11.1.4. Limits at Infinity from Graphs.md,vault/MA/Mathematical-Foundations/MF2/11. Limits & Continuity/11.1. Estimating Limits from Graphs/Source/11.1.4. Limits at Infinity from Graphs,252/M-2/OHW-2/Prerequisites/Limits at Infinity from Graphs - 1873.md;252/M-2/WHW-2/Prerequisites/Limits at Infinity from Graphs - 1873.md,252/M-2/OHW-2/Source/Limits at Infinity from Graphs - 1873;252/M-2/WHW-2/Source/Limits at Infinity from Graphs - 1873,M-2/OHW-2;M-2/WHW-2
prerequisite,39,MF2,2049,2.5.4,Graphing General Polynomials,vault/MA/Mathematical-Foundations/MF2/2. Polynomials/2.5. Graphs of Polynomials/Lessons/2.5.4. Graphing General Polynomials.md,vault/MA/Mathematical-Foundations/MF2/2. Polynomials/2.5. Graphs of Polynomials/Source/2.5.4. Graphing General Polynomials,252/M-2/OHW-2/Prerequisites/Graphing General Polynomials - 2049.md;252/M-2/WHW-2/Prerequisites/Graphing General Polynomials - 2049.md;252/M-3/WHW-3/Prerequisites/Graphing General Polynomials - 2049.md,252/M-2/OHW-2/Source/Graphing General Polynomials - 2049;252/M-2/WHW-2/Source/Graphing General Polynomials - 2049;252/M-3/WHW-3/Source/Graphing General Polynomials - 2049,M-2/OHW-2;M-2/WHW-2;M-3/WHW-3
prerequisite,40,MF2,308,12.4.1,The Antiderivative,vault/MA/Mathematical-Foundations/MF2/12. Introduction to Calculus/12.4. Indefinite Integrals/Lessons/12.4.1. The Antiderivative.md,vault/MA/Mathematical-Foundations/MF2/12. Introduction to Calculus/12.4. Indefinite Integrals/Source/12.4.1. The Antiderivative,252/M-3/WHW-3/Prerequisites/The Antiderivative - 308.md,252/M-3/WHW-3/Source/The Antiderivative - 308,M-3/WHW-3
prerequisite,43,MF2,285,12.4.6,Integrating Trigonometric Functions,vault/MA/Mathematical-Foundations/MF2/12. Introduction to Calculus/12.4. Indefinite Integrals/Lessons/12.4.6. Integrating Trigonometric Functions.md,vault/MA/Mathematical-Foundations/MF2/12. Introduction to Calculus/12.4. Indefinite Integrals/Source/12.4.6. Integrating Trigonometric Functions,252/M-3/WHW-3/Prerequisites/Integrating Trigonometric Functions - 285.md,252/M-3/WHW-3/Source/Integrating Trigonometric Functions - 285,M-3/WHW-3
prerequisite,46,MF3,2006,7.2.1,Continuity of Functions,vault/MA/Mathematical-Foundations/MF3/7. Limits & Continuity/7.2. Continuity/Lessons/7.2.1. Continuity of Functions.md,vault/MA/Mathematical-Foundations/MF3/7. Limits & Continuity/7.2. Continuity/Source/7.2.1. Continuity of Functions,252/M-3/WHW-3/Prerequisites/Continuity of Functions - 2006.md,252/M-3/WHW-3/Source/Continuity of Functions - 2006,M-3/WHW-3
prerequisite,47,MF2,312,12.4.5,Integrating Exponential Functions,vault/MA/Mathematical-Foundations/MF2/12. Introduction to Calculus/12.4. Indefinite Integrals/Lessons/12.4.5. Integrating Exponential Functions.md,vault/MA/Mathematical-Foundations/MF2/12. Introduction to Calculus/12.4. Indefinite Integrals/Source/12.4.5. Integrating Exponential Functions,252/M-3/WHW-3/Prerequisites/Integrating Exponential Functions - 312.md,252/M-3/WHW-3/Source/Integrating Exponential Functions - 312,M-3/WHW-3
prerequisite,48,MF3,342,8.1.8,Integration Using Inverse Trigonometric Functions,vault/MA/Mathematical-Foundations/MF3/8. Differentiation/8.1. Differentiating Implicit and Inverse Functions/Lessons/8.1.8. Integration Using Inverse Trigonometric Functions.md,vault/MA/Mathematical-Foundations/MF3/8. Differentiation/8.1. Differentiating Implicit and Inverse Functions/Source/8.1.8. Integration Using Inverse Trigonometric Functions,252/M-2/OHW-2/Prerequisites/Integration Using Inverse Trigonometric Functions - 342.md;252/M-2/WHW-2/Prerequisites/Integration Using Inverse Trigonometric Functions - 342.md;252/M-3/WHW-3/Prerequisites/Integration Using Inverse Trigonometric Functions - 342.md,252/M-2/OHW-2/Source/Integration Using Inverse Trigonometric Functions - 342;252/M-2/WHW-2/Source/Integration Using Inverse Trigonometric Functions - 342;252/M-3/WHW-3/Source/Integration Using Inverse Trigonometric Functions - 342,M-2/OHW-2;M-2/WHW-2;M-3/WHW-3
prerequisite,51,MF3,478,10.1.8,Integrating Trigonometric Functions Using Substitution,vault/MA/Mathematical-Foundations/MF3/10. Integration Techniques/10.1. Integration Using Substitution/Lessons/10.1.8. Integrating Trigonometric Functions Using Substitution.md,vault/MA/Mathematical-Foundations/MF3/10. Integration Techniques/10.1. Integration Using Substitution/Source/10.1.8. Integrating Trigonometric Functions Using Substitution,252/M-2/OHW-2/Prerequisites/Integrating Trigonometric Functions Using Substitution - 478.md;252/M-2/WHW-2/Prerequisites/Integrating Trigonometric Functions Using Substitution - 478.md;252/M-3/WHW-3/Prerequisites/Integrating Trigonometric Functions Using Substitution - 478.md,252/M-2/OHW-2/Source/Integrating Trigonometric Functions Using Substitution - 478;252/M-2/WHW-2/Source/Integrating Trigonometric Functions Using Substitution - 478;252/M-3/WHW-3/Source/Integrating Trigonometric Functions Using Substitution - 478,M-2/OHW-2;M-2/WHW-2;M-3/WHW-3
prerequisite,53,MF3,762,11.1.4,Calculating Velocity Using Integration,"vault/MA/Mathematical-Foundations/MF3/11. Contextual Applications of Calculus/11.1. Displacement, Velocity, and Acceleration/Lessons/11.1.4. Calculating Velocity Using Integration.md","vault/MA/Mathematical-Foundations/MF3/11. Contextual Applications of Calculus/11.1. Displacement, Velocity, and Acceleration/Source/11.1.4. Calculating Velocity Using Integration",252/M-3/WHW-3/Prerequisites/Calculating Velocity Using Integration - 762.md,252/M-3/WHW-3/Source/Calculating Velocity Using Integration - 762,M-3/WHW-3
