study-order,topic-id,question-number,question-id,answer,expected-occurrences,answer-source
1,529,2,174119,16,1,canonical-exact-blank
2,529,6,174120,"5, 10",1,canonical-exact-blank
3,529,9,222998,8,1,canonical-exact-blank
4,2437,3,237516,"4/5, 5",1,canonical-exact-blank
5,2437,4,237520,"3, 3/8",1,canonical-exact-blank
6,2437,6,237553,7,1,canonical-exact-blank
7,2440,4,188625,28,1,canonical-exact-blank
8,2440,8,172659,63,1,canonical-exact-blank
9,4698,3,237501,2 1/2,1,canonical-exact-blank
10,4698,4,237504,4 1/2,1,canonical-exact-blank
11,543,2,214323,21/8,1,canonical-exact-blank
12,2374,2,174130,5/8,1,canonical-exact-blank
13,2374,3,223465,7/9,1,canonical-exact-blank
14,2374,5,223582,5,1,canonical-exact-blank
15,528,2,222926,"1/2, 1/8",1,canonical-exact-blank
16,528,3,214729,2,1,canonical-exact-blank
17,528,5,222988,7,1,canonical-exact-blank
18,528,8,223003,1/4,1,canonical-exact-blank
19,528,10,223012,1/28,1,canonical-exact-blank
20,2353,4,172121,11/18,1,canonical-exact-blank
21,2353,5,195554,11/60,1,canonical-exact-blank
22,530,3,196436,1/88,1,canonical-exact-blank
23,530,5,172182,1/75,1,canonical-exact-blank
24,530,7,197618,1/12,1,canonical-exact-blank
25,2360,1,186829,28/15,1,canonical-exact-blank
26,2360,4,186845,1,1,canonical-exact-blank
27,2360,6,187249,3/4,1,canonical-exact-blank
28,2360,7,187309,5 1/4,1,canonical-exact-blank
29,2360,8,187312,1 1/2,1,canonical-exact-blank
30,3079,2,174132,1/4,1,canonical-exact-blank
31,3079,4,211163,3,1,canonical-exact-blank
32,3079,7,174133,2/9,1,canonical-exact-blank
33,3079,8,211182,5/14,1,canonical-exact-blank
34,2388,2,223906,2,1,canonical-exact-blank
35,2388,3,223922,1 1/2,1,canonical-exact-blank
36,2388,6,223933,1/11,1,canonical-exact-blank
37,2388,8,172154,5/22,1,canonical-exact-blank
38,2452,1,170874,0.09,1,manual-solution
39,2452,5,185360,90,1,manual-solution
40,2452,6,171115,61.6,1,manual-solution
41,327,2,171013,-5,1,manual-solution
42,327,3,236764,-5,1,manual-solution
43,327,4,170960,-24,1,manual-solution
44,327,6,174309,-158,1,manual-solution
45,525,4,172133,9/5,1,canonical-exact-blank
46,525,5,172132,8/15,1,canonical-exact-blank
47,525,6,172134,1 5/6,1,canonical-exact-blank
48,525,7,212486,1 1/2,1,canonical-exact-blank
49,525,8,212495,1 2/3,1,canonical-exact-blank
50,525,10,212533,2 1/3,1,canonical-exact-blank
51,525,11,212540,3 1/2,1,canonical-exact-blank
52,2459,7,208014,2/25,1,canonical-exact-blank
53,2459,8,208043,10/21,1,canonical-exact-blank
54,2438,2,222772,3/2,1,canonical-exact-blank
55,2438,3,222925,3,1,canonical-exact-blank
56,2438,4,214732,12,1,canonical-exact-blank
57,2438,5,174094,6/7,1,canonical-exact-blank
58,2438,7,223163,1 3/5,1,canonical-exact-blank
59,3720,1,171014,-10,1,manual-solution
60,3720,3,170955,-60,1,manual-solution
61,2314,2,224085,7^5,1,manual-solution
62,2314,3,172382,12^4,1,manual-solution
63,2379,2,211207,10 2/3,1,canonical-exact-blank
64,2379,4,211246,3 1/2,1,canonical-exact-blank
65,2377,2,211421,44,1,canonical-exact-blank
66,2377,4,172168,3 3/5,1,canonical-exact-blank
67,2377,5,172166,5,1,canonical-exact-blank
68,2377,6,211388,14,1,canonical-exact-blank
69,2377,7,211463,33/4,1,canonical-exact-blank
70,2377,8,211472,2 1/3,1,canonical-exact-blank
71,2321,2,172525,81,1,manual-solution
72,2321,4,172528,343,1,manual-solution
73,2321,5,224132,3,1,manual-solution
74,2321,7,172531,0,1,manual-solution
75,2380,3,198141,21/40,1,canonical-exact-blank
76,2380,7,198225,1 1/21,1,canonical-exact-blank
77,2380,8,198232,1 2/7,1,canonical-exact-blank
78,3537,2,172462,676,1,manual-solution
79,3537,3,224038,3600,1,manual-solution
80,3537,6,224286,256,1,manual-solution
81,2381,3,171726,7,1,canonical-exact-blank
82,2381,4,198174,6,1,canonical-exact-blank
83,2381,5,171727,5 5/6,1,canonical-exact-blank
84,2381,8,198204,2 2/5,1,canonical-exact-blank
85,2476,2,172439,4/25,1,manual-solution
86,2476,3,224020,1/27,1,manual-solution
87,2477,1,172467,0.25,1,manual-solution
88,2475,4,212252,9,1,manual-solution
89,2475,5,212259,4,1,manual-solution
90,2475,6,212337,90,1,manual-solution
91,2174,7,185062,0.04,1,manual-solution
92,645,5,175345,"1, 1/2",1,canonical-exact-blank
93,2195,7,186207,0.064,1,manual-solution
94,2202,2,171122,-1/5,1,manual-solution
95,121,2,171351,64,1,manual-solution
96,121,3,171352,-25,1,manual-solution
97,121,4,171355,64,1,manual-solution
98,121,6,171356,81,1,manual-solution
99,121,7,184057,-5,1,manual-solution
100,121,9,184065,24,1,manual-solution
101,534,2,235809,"5, 8",1,manual-solution
102,534,3,235944,"10, 1",1,manual-solution
103,66,2,175698,-17,1,canonical-exact-blank
104,66,4,175702,2,1,canonical-exact-blank
105,66,6,175707,-7,1,canonical-exact-blank
106,66,7,175708,-3,1,canonical-exact-blank
107,553,2,236327,7,1,manual-solution
108,553,3,170878,"1, 1",1,manual-solution
109,2564,2,221942,17/9,2,canonical-exact-blank
110,2564,3,218419,14/99,2,canonical-exact-blank
111,2564,6,223630,211/900,2,canonical-exact-blank
112,1819,8,186163,-1/2,1,manual-solution
113,2204,1,175538,5.7,1,manual-solution
114,2204,2,175544,2.83,1,manual-solution
115,554,1,186832,"4, 12",1,manual-solution
116,554,2,185056,"6, 12, 24",1,manual-solution
117,554,5,187327,"6, 24",1,manual-solution
118,2553,2,235779,4/3,1,manual-solution
119,2553,5,235787,5x/3,1,manual-solution
120,2553,6,235938,25x/3,1,manual-solution
121,6642,3,327552,20.40,1,manual-solution
122,6642,4,326900,27.00,1,manual-solution
123,2560,2,326492,200,1,manual-solution
124,2560,4,326511,70,1,manual-solution
125,2560,5,327517,300,1,manual-solution
126,2560,7,327654,3600,1,manual-solution
127,2560,8,327653,1225,1,manual-solution
128,1413,2,180716,-7,1,canonical-exact-blank
129,1413,4,180811,1/4,1,canonical-exact-blank
130,1413,6,180964,-3/2,1,canonical-exact-blank
131,1413,8,181125,6/11,1,canonical-exact-blank
132,97,2,180738,-4,1,manual-solution
133,97,3,171679,-2,1,manual-solution
134,97,7,180810,"1, -3",1,manual-solution
135,97,8,174301,4,1,manual-solution
136,470,2,212130,2,1,manual-solution
137,470,3,214831,19,1,manual-solution
138,470,5,212133,0,1,manual-solution
139,470,6,214906,6,1,manual-solution
140,3868,1,214996,8000,1,manual-solution
141,3868,4,215012,1250,1,manual-solution
142,3868,5,210363,0.75,1,manual-solution
143,3868,6,210364,3.6,1,manual-solution
144,3869,1,214912,5000,1,manual-solution
145,3869,4,210367,5900,1,manual-solution
146,3869,5,210369,5.9,1,manual-solution
147,3869,6,214945,0.0023,1,manual-solution
148,3869,8,210372,3.04,1,manual-solution
149,3870,2,210374,24,1,manual-solution
150,3870,4,215920,198,1,manual-solution
151,3870,5,210376,70,1,manual-solution
152,3870,6,210377,5.5,1,manual-solution
153,6646,1,327588,60,1,manual-solution
154,6646,2,327536,40,1,manual-solution
155,1499,2,212602,960,1,manual-solution
156,1499,5,212604,910600,1,manual-solution
157,6666,3,317967,1300,1,manual-solution
158,6666,4,318099,720,1,manual-solution
159,6663,1,327599,90,1,manual-solution
160,6663,2,327539,80,1,manual-solution
161,6663,3,327630,160,1,manual-solution
162,6663,4,327549,500,1,manual-solution
163,1240,1,171689,"4, -3",1,manual-solution
164,1240,6,178577,2x/3 + 1,1,manual-solution
165,1240,11,179507,-2x - 4,1,manual-solution
166,657,2,212651,8,1,manual-solution
167,657,5,212654,-4x^8,1,manual-solution
168,1511,3,237315,87,1,manual-solution
169,1511,6,236755,195 - 3x,1,manual-solution
170,1511,7,171790,18,1,manual-solution
171,496,1,171867,60,1,manual-solution
172,496,3,171874,24,1,manual-solution
173,496,6,235937,29,1,manual-solution
174,496,8,171870,88,1,manual-solution
175,4028,4,208734,-5,1,canonical-exact-blank
176,4028,7,214575,-1,1,canonical-exact-blank
177,96,2,212312,0,1,manual-solution
178,96,3,215795,9,1,manual-solution
179,96,4,212318,-1,1,manual-solution
180,96,5,215805,-9,1,manual-solution
181,96,6,212324,-3,1,manual-solution
182,1783,5,215327,2z^3 - 5z - 1,1,manual-solution
183,1783,6,215324,3y^4 + 4y^2 + 5,1,manual-solution
184,457,3,252550,216,1,manual-solution
185,457,6,252598,25,1,manual-solution
186,457,8,252623,"2^(1/2), 1.414",1,manual-solution
187,457,10,252615,2,1,manual-solution
188,384,2,212345,"-6, 6",1,manual-solution
189,384,3,212348,"-72, 72",1,manual-solution
190,384,4,212350,"-4, -2/3",1,manual-solution
191,384,5,212362,"1, 5/3",1,manual-solution
192,384,6,212364,"-7, 11",1,manual-solution
193,384,8,215295,"-16, 4",1,manual-solution
194,81,2,236184,x^3 + 2x + 5,1,canonical-exact-blank
195,81,4,215307,3y^2 + 5y + 5,1,canonical-exact-blank
196,81,6,212969,-2x^3 - 3x,1,canonical-exact-blank
197,81,8,215310,4x^3 - 3x - 4,1,canonical-exact-blank
198,81,10,236421,2x^2 - 3x + 1,1,canonical-exact-blank
199,81,11,212976,2x^4 - 3x^2 + 12x,1,canonical-exact-blank
200,1321,3,171902,110,1,manual-solution
201,1321,6,223207,33.75,1,manual-solution
202,1321,7,171908,42,1,manual-solution
203,2274,2,210497,0.01,1,manual-solution
204,2274,3,210541,40,1,manual-solution
205,2274,5,210543,200,1,manual-solution
206,2273,2,217121,-42/x,1,manual-solution
207,2273,3,212101,2/3,1,manual-solution
208,2273,7,212148,8/x,1,manual-solution
209,2273,8,212149,4,1,manual-solution
210,3752,2,208693,5/(3q - 1),1,canonical-exact-blank
211,3752,4,215773,6/(3x - 7),1,canonical-exact-blank
212,3752,5,215808,2q/(15q - 8),1,canonical-exact-blank
213,3752,6,208700,11/(3k - 2),1,canonical-exact-blank
214,2225,1,171700,"3, -2",1,manual-solution
215,2225,2,238014,"3, 0",1,manual-solution
216,698,2,217258,6,1,manual-solution
217,698,4,217272,-1/4,1,manual-solution
218,698,5,212111,4,1,manual-solution
219,4029,2,212480,-5,1,manual-solution
220,4029,5,212482,"-3, 8",1,manual-solution
221,4029,6,215511,"-8, 6",1,manual-solution
222,349,2,216988,25y^5 - 50y^3 + 250y,1,manual-solution
223,349,5,217002,-5x^7 + 10x^2 - 20x,1,manual-solution
224,349,8,217025,2b^6 - b^4/2 - 2b^3/3,1,manual-solution
225,349,9,217026,9x^5 - 9x^3/5,1,manual-solution
226,349,12,217042,12h^3k^2 + 24h^4k - 4h^5,1,manual-solution
227,665,5,215159,2x + 1,1,manual-solution
228,665,6,208855,-3x/2 + 2,1,manual-solution
229,3827,5,208856,-x/2 + 1,1,manual-solution
230,3827,6,208857,-x/3 + 3,1,manual-solution
231,2234,2,218647,"19.5, 20.5",1,manual-solution
232,2234,4,218714,"10.245, 10.255",1,manual-solution
233,2234,6,210524,29,1,manual-solution
234,354,1,208710,(y - 3x)/2,1,canonical-exact-blank
235,354,3,214833,(p - 2w)/2,1,canonical-exact-blank
236,354,4,215087,a/b,1,canonical-exact-blank
237,354,5,215097,w/(4xy),1,canonical-exact-blank
238,354,7,215178,(a + b)/(5d),1,canonical-exact-blank
239,354,8,208715,(20p + 8r)/p,1,canonical-exact-blank
240,354,9,215401,(s - b)/r,1,canonical-exact-blank
241,430,4,218567,"-2/5, 2/5",1,manual-solution
242,430,8,218603,"-5sqrt(2), 5sqrt(2)",1,manual-solution
243,742,1,208809,"3, -2",1,manual-solution
244,742,3,208810,"2, -3",1,manual-solution
245,742,5,208813,"2, 4",1,manual-solution
246,742,7,208814,7x,1,manual-solution
247,742,8,208815,-5y,1,manual-solution
248,3555,3,215061,-6/7,1,manual-solution
249,3555,5,212151,8,1,manual-solution
250,3555,6,215143,-4,1,manual-solution
251,371,2,216683,"5, 14",3,canonical-exact-blank
252,371,3,214088,"6, 17, 5",3,canonical-exact-blank
253,371,6,216734,"-7, 7, 6, 6",3,canonical-exact-blank
254,2181,4,213220,2t,1,manual-solution
255,2181,5,216430,3b^2,1,manual-solution
256,2181,6,216433,3ab,1,manual-solution
257,2181,8,213222,8t,1,manual-solution
258,2229,1,210466,6900,1,manual-solution
259,839,6,208783,"2x + 10y, 5",1,manual-solution
260,839,8,214627,"5x - 3y, -8",1,manual-solution
261,839,10,208786,"3x - y, -7",1,manual-solution
262,839,11,214648,"x + 2y, -1",1,manual-solution
263,4026,5,208816,"2, -1",1,manual-solution
264,4026,8,238087,"-1, 3",1,manual-solution
265,360,2,215815,49q^2 + 42q + 9,1,manual-solution
266,360,4,216486,x^4 + 10x^2 + 25,1,manual-solution
267,360,6,216503,4x^8 + 4x^4y^3 + y^6,1,manual-solution
268,360,8,215916,25p^2 - 20pq + 4q^2,1,manual-solution
269,360,9,216525,x^2 + 6x + 9,1,manual-solution
270,2275,2,215869,6,3,canonical-exact-blank
271,2275,3,237271,"16, 81",3,canonical-exact-blank
272,2625,2,218438,15w,1,manual-solution
273,2625,4,218440,40k^4,1,manual-solution
274,2625,5,218441,24x^2y^4,1,manual-solution
275,2625,8,218474,18y^3w^3,1,manual-solution
276,1985,1,220291,5,1,manual-solution
277,1985,4,220294,8,1,manual-solution
278,1985,6,220297,3,1,manual-solution
279,485,2,212643,"1/2, 5/2",1,manual-solution
280,485,3,212647,"3p, 6q",1,manual-solution
281,485,5,216932,"3a, 9b/2",1,manual-solution
282,485,6,212649,"7, 3",1,manual-solution
283,485,7,212650,"-2, 8",1,manual-solution
284,609,1,263317,28/53,1,manual-solution
285,609,4,241911,sqrt(15)/4,1,manual-solution
286,609,6,241912,3sqrt(10)/20,1,manual-solution
287,609,8,264136,2,1,manual-solution
288,609,9,241915,0.951,1,manual-solution
289,3990,1,210470,2.5,1,manual-solution
290,3990,2,215032,0.7,1,manual-solution
291,3990,3,215039,1.48,1,manual-solution
292,3990,4,210471,0.68,1,manual-solution
293,3990,5,210473,2.3,1,manual-solution
294,3990,6,215055,0.05,1,manual-solution
295,3725,2,214657,-3,1,manual-solution
296,3725,4,208789,"2, 0",1,manual-solution
297,3725,5,208792,-2,1,manual-solution
298,3725,6,208794,"0, 1/2",1,manual-solution
299,1589,2,222338,1.5,1,manual-solution
300,1589,3,222362,75,1,manual-solution
301,487,1,171690,"-2, 3",1,manual-solution
302,790,2,221423,|x| - 6,1,manual-solution
303,790,3,221426,"3, 0",1,manual-solution
304,790,6,222363,"3, 2",1,manual-solution
305,790,7,221437,|x - 3| + 2,1,manual-solution
306,3817,4,222424,"4, 6",5,canonical-exact-blank
307,3817,5,221503,2,5,canonical-exact-blank
308,3817,6,222435,"2, 2, 2, 1",5,canonical-exact-blank
309,3817,8,313448,"35, 10",5,canonical-exact-blank
310,472,2,300664,"2, 2",5,canonical-exact-blank
311,1414,6,287985,10,1,canonical-exact-blank
312,5572,5,288643,-3,1,canonical-exact-blank
313,5572,6,287667,4,1,canonical-exact-blank
314,5572,8,287678,2,1,canonical-exact-blank
315,837,2,215719,-7,1,manual-solution
316,837,3,215726,-1/8,1,manual-solution
317,837,7,214098,-6,1,manual-solution
318,837,8,214099,20,1,manual-solution
319,408,1,208830,"1, 2",1,manual-solution
320,408,3,208840,"1/2, -1/2",1,manual-solution
321,408,5,215423,"5, -2",1,manual-solution
322,408,6,208847,"3, 6",1,manual-solution
323,408,8,215453,"3, 5",1,manual-solution
324,452,1,221343,-|x| + 4,1,manual-solution
325,452,4,222227,"-3, 0",1,manual-solution
326,452,5,222269,-|x - 3| + 4,1,manual-solution
327,89,2,213453,(x + 7)(x + 4),1,canonical-exact-blank
328,89,5,224589,(x + 11)(x - 3),1,canonical-exact-blank
329,89,7,213456,(x - 1)(x - 4),1,canonical-exact-blank
330,89,9,224876,(y - 12)(y - 4),1,canonical-exact-blank
331,813,3,221823,21,1,manual-solution
332,813,6,218426,4x^2 - 3x - 6 = 0,1,manual-solution
333,813,8,221838,z^2 - 3z - 2 = 0,1,manual-solution
334,1427,5,215415,-3,1,manual-solution
335,1427,6,215416,2,1,manual-solution
336,1427,7,215417,3,1,manual-solution
337,1427,8,215418,-3,1,manual-solution
338,1427,9,215951,6,1,manual-solution
339,459,2,214934,3sqrt(5),1,manual-solution
340,459,4,216298,sqrt(101),1,manual-solution
341,459,5,214936,sqrt(30),1,manual-solution
342,1045,2,215741,"6, 2",1,manual-solution
343,1045,3,216178,"6, 3",1,manual-solution
344,1045,4,216326,"2, -3",1,manual-solution
345,1045,6,215749,"4, 0",1,manual-solution
346,1045,7,215755,"1/2, 1/4",1,manual-solution
347,1045,8,215762,"-1, -2",1,manual-solution
348,493,7,208832,(x + 3)/4,1,manual-solution
349,372,2,213910,(2x + 3)(x + 2),1,manual-solution
350,372,4,224927,(2a - 1)(a + 1),1,manual-solution
351,372,8,224896,(6a - 1)(a - 4),1,manual-solution
352,372,9,224920,(4x - 3)(x - 3),1,manual-solution
353,6207,2,300874,55 + 2x,1,manual-solution
354,6207,4,357032,6,1,manual-solution
355,1423,2,218640,"-1/2, 2",1,manual-solution
356,1423,4,221818,"-4, 1",1,manual-solution
357,1423,6,218661,"-3/5, -1/5",1,manual-solution
358,1423,7,221851,"(1 - sqrt(5))/3, (1 + sqrt(5))/3",1,manual-solution
359,2626,2,218482,30(w - 8),1,manual-solution
360,2626,4,222016,9(y + 7)^4,1,manual-solution
361,2626,5,218516,20u^3(v - 2)^5,1,manual-solution
362,2626,7,218518,12(x + 1)^5,1,manual-solution
363,2626,8,218519,20u^3(v - 2)^4,1,manual-solution
364,3556,2,215701,x/2 + 6,1,manual-solution
365,3556,3,216200,-2x + 2,1,manual-solution
366,3556,4,214094,2x + 1,1,manual-solution
367,3556,5,214093,"4x + y, -7",1,manual-solution
368,3556,6,216399,"2x - y, -3",1,manual-solution
369,3562,1,213914,-x/3 + 2,1,manual-solution
370,3562,4,214038,5x/2 - 20,1,manual-solution
371,3562,5,214033,3x - 8,1,manual-solution
372,629,2,250716,11.3,1,manual-solution
373,629,3,241926,8/sin(phi),1,manual-solution
374,629,6,250796,14/cos(theta),1,manual-solution
375,765,2,244566,sqrt(2),1,manual-solution
376,765,5,266531,sqrt(3)/3,1,manual-solution
377,765,7,244569,sqrt(3),1,manual-solution
378,765,9,244571,3/2,1,manual-solution
379,764,2,266844,3pi/4,1,manual-solution
380,764,4,266858,22.5,1,manual-solution
381,764,7,266878,83,1,manual-solution
382,764,8,266889,1.7,1,manual-solution
383,1183,2,263083,"1, -1",1,manual-solution
384,1183,3,239206,5,1,manual-solution
385,1183,6,239207,"2, -3, 2sqrt(5)",1,manual-solution
386,4951,4,225186,3(3k - 1)(5k + 1),1,manual-solution
387,4951,6,225073,4(2y - 5)(y - 2),1,manual-solution
388,1425,2,222383,-4/5,1,manual-solution
389,1425,4,218512,2,1,manual-solution
390,1425,5,222447,8,1,manual-solution
391,1425,7,218515,1/3,1,manual-solution
392,1425,8,222460,2,1,manual-solution
393,1424,2,262281,"-5/4, 5/4",1,manual-solution
394,1424,3,218505,"-sqrt(5)/2, sqrt(2)",1,manual-solution
395,1424,4,218506,"0, 8",1,manual-solution
396,1424,6,262296,"-sqrt(2)/2, 0",1,manual-solution
397,1424,8,218509,"3, 8",1,manual-solution
398,6092,2,288052,1,1,manual-solution
399,6092,4,288054,15,1,manual-solution
400,6092,6,288057,7,1,manual-solution
401,1608,1,244470,19,1,manual-solution
402,1608,3,244471,12,1,manual-solution
403,1608,5,251122,288,1,manual-solution
404,1608,7,244476,54,1,manual-solution
405,1608,8,244479,72,1,manual-solution
406,391,2,223134,-5,1,manual-solution
407,391,3,223140,2,1,manual-solution
408,391,5,223154,-3,1,manual-solution
409,391,7,223185,2,1,manual-solution
410,391,8,212589,2,1,manual-solution
411,33,3,250348,"12, 20",1,canonical-exact-blank
412,33,4,250369,-35,1,canonical-exact-blank
413,33,6,250386,27,1,canonical-exact-blank
414,33,8,218538,"12, 8",1,canonical-exact-blank
415,33,10,218539,"10, 11",1,canonical-exact-blank
416,33,12,250605,"-1, 32",1,canonical-exact-blank
417,1456,1,265943,70,1,manual-solution
418,1456,5,266042,2pi/5,1,manual-solution
419,1456,6,266086,66,1,manual-solution
420,1456,9,266138,"7pi/8, 15pi/8",1,manual-solution
421,112,3,267324,0.82,1,manual-solution
422,112,4,267352,66.42,1,manual-solution
423,112,6,246763,2sqrt(6)/3,1,manual-solution
424,112,9,267423,2sqrt(5)/15,1,manual-solution
425,3728,2,235987,"0, 2",1,manual-solution
426,3728,4,212279,2,1,manual-solution
427,3728,6,235960,"-1, 2",1,manual-solution
428,1153,3,218564,9/2,1,manual-solution
429,1153,8,218597,18,1,manual-solution
430,1153,9,218642,2,1,manual-solution
431,1153,10,218653,-2,1,manual-solution
432,394,1,220316,"-6, 6",1,manual-solution
433,394,3,220319,"-11/10, 11/10",1,manual-solution
434,394,5,220321,"-5/12, 5/12",1,manual-solution
435,394,6,220322,"-5/2, 5/2",1,manual-solution
436,394,7,220323,"-12, 12",1,manual-solution
437,394,8,250204,"-1/2, 1/2",1,manual-solution
438,393,1,223706,"0, 6",1,manual-solution
439,393,2,223707,"-3/2, 0",1,manual-solution
440,393,3,220340,"0, 24",1,manual-solution
441,393,4,220341,"0, 1/7",1,manual-solution
442,393,5,223741,"-5, 0",1,manual-solution
443,393,7,223805,"0, 6/5",1,manual-solution
444,450,2,250399,(x + 3)^2 - 2,1,manual-solution
445,450,4,250431,(x - 7)^2 + 2,1,manual-solution
446,450,7,250390,"7, -18",1,manual-solution
447,450,8,235904,(y - 9)^2 - 17,1,manual-solution
448,6266,1,310056,27,1,manual-solution
449,6266,2,310057,1,1,manual-solution
450,729,5,288848,x^2 - 7x + 12,1,manual-solution
451,729,6,288103,3x^2 - 12x - 15,1,manual-solution
452,410,2,315137,"-1, 3",1,manual-solution
453,410,5,315145,"2, -15",1,manual-solution
454,2979,2,237947,"-3, -2",1,manual-solution
455,2979,4,237949,"-1/3, 2",1,manual-solution
456,842,1,240362,"0, 0, 10",1,manual-solution
457,842,5,249835,"x^2 + y^2, 49",1,manual-solution
458,842,7,240611,"x^2 + y^2, 36",1,manual-solution
459,842,9,249867,"x^2 + y^2, 6",1,manual-solution
460,842,11,250088,"x^2 + y^2, 8",1,manual-solution
461,451,2,215464,"0, 4",1,manual-solution
462,451,3,215466,"-19/10, 1/2",1,manual-solution
463,451,5,215482,"-1, 11",1,manual-solution
464,451,6,215489,"3, 25/3",1,manual-solution
465,451,8,215496,"-5/2, 3",1,manual-solution
466,451,9,215707,"-1, 19/9",1,manual-solution
467,3842,2,221410,(y + 13/2)^2 - 7,1,manual-solution
468,3842,3,221412,(x + 3/2)^2 + 27/4,1,manual-solution
469,3842,6,221418,(y - 15/2)^2 - 225/4,1,manual-solution
470,661,2,220277,-2,1,manual-solution
471,661,4,222303,"11/4, 13/4",1,manual-solution
472,704,2,220351,2,1,manual-solution
473,704,4,220360,"3, -2",1,manual-solution
474,704,5,220361,-18,1,manual-solution
475,6341,2,220364,"-2, 3",1,manual-solution
476,6341,3,220366,"1, 9",1,manual-solution
477,6341,6,250095,"-2, 8",1,manual-solution
478,6341,7,220369,-5,1,manual-solution
479,2271,2,262867,306,6,canonical-exact-blank
480,2271,3,214103,23,6,canonical-exact-blank
481,269,1,262318,1,3,canonical-exact-blank
482,269,3,262382,0,3,canonical-exact-blank
483,269,4,262448,0,3,canonical-exact-blank
484,269,7,246828,2,3,canonical-exact-blank
485,848,4,279153,4x^2/9 + 4y^2/81,1,manual-solution
486,1590,2,237038,630,3,canonical-exact-blank
487,1590,3,208838,315,3,canonical-exact-blank
488,1590,5,237063,135,3,canonical-exact-blank
489,1590,7,237117,4,3,canonical-exact-blank
490,1590,8,222494,54,3,canonical-exact-blank
491,1590,10,237172,5,3,canonical-exact-blank
492,2464,3,237246,"25, 3",1,manual-solution
493,2464,7,212627,8,1,manual-solution
494,1429,3,249993,">, <",1,manual-solution
495,1429,7,220313,">, <, >",1,manual-solution
496,1429,9,220315,>,1,manual-solution
497,1451,2,223657,-1/3,1,manual-solution
498,1451,3,223659,-7/30,1,manual-solution
499,1451,4,220355,8,1,manual-solution
500,1451,7,223691,2,1,manual-solution
501,1451,8,223695,3/44,1,manual-solution
502,1451,9,311954,1,1,manual-solution
503,1451,10,311973,-4,1,manual-solution
504,688,2,221581,138.4,1,manual-solution
505,688,3,221584,10.4,1,manual-solution
506,688,5,251709,6.5,1,manual-solution
507,688,7,251719,2.5,1,manual-solution
508,895,1,218476,"3, 2",1,manual-solution
509,895,2,218477,"3, 4",1,manual-solution
510,895,4,218478,"1, 7",1,manual-solution
511,895,7,218480,"-4, 10",1,manual-solution
512,1252,7,250280,"-16, 5",1,manual-solution
513,679,2,250658,9,1,manual-solution
514,679,5,250674,7.68,1,manual-solution
515,679,7,250810,6,1,manual-solution
516,3546,1,249946,(x + 2)^2 - 1,1,manual-solution
517,3546,3,220346,5(x - 1)^2 + 10,1,manual-solution
518,3546,5,249979,x^2 - 6x + 13,1,manual-solution
519,104,3,270966,5x^2 + 12x + 4,1,manual-solution
520,347,3,208742,"-1, 0",4,canonical-exact-blank
521,347,4,214604,1,4,canonical-exact-blank
522,347,5,214619,"-3, 2",4,canonical-exact-blank
523,2760,1,331183,0,2,manual-solution
524,2760,2,331233,3,2,manual-solution
525,28,2,227371,3,1,canonical-exact-blank
526,28,4,227376,1.45,1,canonical-exact-blank
527,28,5,262868,0.540,1,canonical-exact-blank
528,28,7,262884,3/2,1,canonical-exact-blank
529,1226,2,217094,-4,3,canonical-exact-blank
530,1226,6,217109,7,3,canonical-exact-blank
531,1226,8,217120,18,3,canonical-exact-blank
532,1226,10,217141,"1/2, 20",3,canonical-exact-blank
533,667,1,214150,6,3,canonical-exact-blank
534,667,3,215846,7/2,3,canonical-exact-blank
535,667,7,214151,35,3,canonical-exact-blank
536,667,8,215860,18,3,canonical-exact-blank
537,73,2,214136,7,1,canonical-exact-blank
538,73,4,237448,-3,1,canonical-exact-blank
539,73,6,237455,5,1,canonical-exact-blank
540,3695,2,214153,-9,1,manual-solution
541,3695,4,214155,"a_n + 6, -8",1,manual-solution
542,668,2,214167,6n - 3,3,canonical-exact-blank
543,668,3,236449,2n - 5,3,canonical-exact-blank
544,668,6,236630,98,3,canonical-exact-blank
545,668,7,236646,3n - 8,3,canonical-exact-blank
546,669,2,214178,9,1,manual-solution
547,669,3,216164,1,1,manual-solution
548,669,5,216501,3,1,manual-solution
549,669,6,216516,0.1,1,manual-solution
550,1818,2,249792,"(4/5)a_n, 100",2,canonical-exact-blank
551,1818,3,249795,"(-2/3)a_n, 243",2,canonical-exact-blank
552,1818,4,233046,25,2,canonical-exact-blank
553,1818,5,249805,4,2,canonical-exact-blank
554,1818,8,233070,-4,2,canonical-exact-blank
555,3830,2,222050,sqrt(7 - x) - 1,1,manual-solution
556,3830,4,220372,sqrt((x + 2)/5) + 1,1,manual-solution
557,3830,5,220374,-sqrt((x - 5)/4),1,manual-solution
558,2214,1,214207,"a_n + 3, 7",1,manual-solution
559,2214,4,236697,"f(n) + 0.2, 1",1,manual-solution
560,2214,5,214220,4n - 5,1,manual-solution
561,2214,7,236863,1 - 3n,1,manual-solution
562,680,2,231754,1/128,4,canonical-exact-blank
563,680,4,231755,5,4,canonical-exact-blank
564,680,5,231756,6,4,canonical-exact-blank
565,680,7,231757,1/512,4,canonical-exact-blank
566,680,9,231759,1/12,4,canonical-exact-blank
567,1473,1,227307,log_6(21),1,canonical-exact-blank
568,672,2,236400,31,1,manual-solution
569,672,4,214198,22,1,manual-solution
570,672,7,236843,20,1,manual-solution
571,672,8,214239,36,1,manual-solution
572,2215,1,231496,"-5a_n, -15",1,manual-solution
573,2215,3,231658,"8f(n), 6",1,manual-solution
574,2215,4,231659,"-f(n)/5, 10",1,manual-solution
575,2215,6,231760,-2*3^(n - 1),1,manual-solution
576,2215,8,252358,18*(2/3)^(n - 1),1,manual-solution
577,2534,4,250935,2/3,1,manual-solution
578,2534,6,250947,5/9,1,manual-solution
579,512,3,262211,3,1,manual-solution
580,512,5,241754,13q,1,manual-solution
581,616,7,336053,-infinity,3,canonical-exact-blank
582,1472,2,228737,2,1,manual-solution
583,1472,3,228738,log_4(2x + 10)/3,1,manual-solution
584,1472,7,250496,-4,1,manual-solution
585,1472,8,228842,(4^(x/5) + 1)/10,1,manual-solution
586,350,1,218675,"3, 4",5,canonical-exact-blank
587,350,4,218740,1,5,canonical-exact-blank
588,350,7,218794,"1, 3",5,canonical-exact-blank
589,350,11,220299,"2, 3",5,canonical-exact-blank
590,3737,2,233242,3log_6(5)/(2 - 4log_6(5)),1,manual-solution
591,3737,3,233243,(1 + ln(2))/(ln(2) - 3),1,manual-solution
592,3737,6,242921,6ln(9)/(3ln(7) + ln(9)),1,manual-solution
593,677,2,233787,2.2,1,manual-solution
594,677,4,250844,0.8,1,manual-solution
595,677,5,233997,3,1,manual-solution
596,677,7,250879,-5,1,manual-solution
597,290,1,181720,3,3,manual-solution
598,290,2,181980,6,3,manual-solution
599,290,5,181940,3,3,manual-solution
600,290,6,181981,-4,3,manual-solution
601,2857,1,276944,-ln(6)/(2ln(8)),5,canonical-exact-blank
602,3958,3,233747,43,7,canonical-exact-blank
603,3958,5,233748,-3,7,canonical-exact-blank
604,3764,2,234001,"2, 9/5",2,canonical-exact-blank
605,3764,3,234002,1 - 48t + 960t^2,2,canonical-exact-blank
606,3764,6,250997,3840,2,canonical-exact-blank
607,1158,2,234173,1.17165,2,canonical-exact-blank
608,1158,3,234174,0.762,2,canonical-exact-blank
609,1158,6,235253,74902.81,2,canonical-exact-blank
610,1158,7,266369,1.53,2,canonical-exact-blank
611,1158,9,266378,4.52,2,canonical-exact-blank
612,4315,2,264067,0.25,1,manual-solution
613,4315,3,264077,5/6,1,manual-solution
614,4315,6,264420,17/60,1,manual-solution
615,1203,2,344692,1,4,canonical-exact-blank
616,3224,2,340375,-1/9,1,manual-solution
617,3224,4,340386,-2/9,1,manual-solution
618,3224,6,340390,-1/9,1,manual-solution
619,1632,1,263259,426/5,1,manual-solution
620,1632,3,263293,166/5,1,manual-solution
621,1632,5,246720,14,1,manual-solution
622,1632,6,263417,188/7,1,manual-solution
623,1632,8,263434,702/7,1,manual-solution
624,1632,10,246726,sqrt(716/25),1,manual-solution
625,126,1,254665,14.6,1,manual-solution
626,126,3,253145,7,1,manual-solution
627,126,4,253146,15.5,1,manual-solution
628,3673,5,353607,6.3,5,canonical-exact-blank
629,3196,2,338801,-e^2,2,manual-solution
630,3197,2,340802,e^2,2,manual-solution
631,3197,3,340814,2pi^2 + 4,2,manual-solution
632,3197,4,340815,-3/pi,2,manual-solution
633,6382,3,341799,0,2,manual-solution
634,6382,4,340853,8,2,manual-solution
635,6382,5,340873,0,2,manual-solution
636,6382,6,340855,36/(5pi),2,manual-solution
637,5204,1,251486,2.3,1,manual-solution
638,5204,3,251494,5,1,manual-solution
639,5204,4,251495,2.56,1,manual-solution
640,5204,5,251426,960,1,manual-solution
641,5204,7,251491,975,1,manual-solution
