role,layer,course,topic-id,topic-number,topic-name,md-path,src-path
lesson,24,MF2,2271,7.1.1,Introduction to Sequences,vault/MA/Mathematical-Foundations/MF2/7. Sequences/7.1. Introduction to Sequences/Lessons/7.1.1. Introduction to Sequences.md,vault/MA/Mathematical-Foundations/MF2/7. Sequences/7.1. Introduction to Sequences/Source/7.1.1. Introduction to Sequences
lesson,32,MF3,1088,1.4.1,Convergence of Geometric Sequences,vault/MA/Mathematical-Foundations/MF3/1. Sequences and Series/1.4. Infinite Series/Lessons/1.4.1. Convergence of Geometric Sequences.md,vault/MA/Mathematical-Foundations/MF3/1. Sequences and Series/1.4. Infinite Series/Source/1.4.1. Convergence of Geometric Sequences
lesson,40,MF3,2610,7.1.4,Limits Involving the Exponential Function,vault/MA/Mathematical-Foundations/MF3/7. Limits & Continuity/7.1. Limits/Lessons/7.1.4. Limits Involving the Exponential Function.md,vault/MA/Mathematical-Foundations/MF3/7. Limits & Continuity/7.1. Limits/Source/7.1.4. Limits Involving the Exponential Function
lesson,42,MF3,1087,7.1.2,Limits of Sequences,vault/MA/Mathematical-Foundations/MF3/7. Limits & Continuity/7.1. Limits/Lessons/7.1.2. Limits of Sequences.md,vault/MA/Mathematical-Foundations/MF3/7. Limits & Continuity/7.1. Limits/Source/7.1.2. Limits of Sequences
lesson,43,MF3,3838,1.4.2,Further Convergence of Geometric Sequences,vault/MA/Mathematical-Foundations/MF3/1. Sequences and Series/1.4. Infinite Series/Lessons/1.4.2. Further Convergence of Geometric Sequences.md,vault/MA/Mathematical-Foundations/MF3/1. Sequences and Series/1.4. Infinite Series/Source/1.4.2. Further Convergence of Geometric Sequences
lesson,43,MF3,1245,7.1.9,Determining Limits of Sequences Using Relative Magnitudes,vault/MA/Mathematical-Foundations/MF3/7. Limits & Continuity/7.1. Limits/Lessons/7.1.9. Determining Limits of Sequences Using Relative Magnitudes.md,vault/MA/Mathematical-Foundations/MF3/7. Limits & Continuity/7.1. Limits/Source/7.1.9. Determining Limits of Sequences Using Relative Magnitudes
lesson,50,MF3,1359,8.2.6,Determining Intervals on Which a Function Is Increasing or Decreasing,vault/MA/Mathematical-Foundations/MF3/8. Differentiation/8.2. Analytical Applications of Differentiation/Lessons/8.2.6. Determining Intervals on Which a Function Is Increasing or Decreasing.md,vault/MA/Mathematical-Foundations/MF3/8. Differentiation/8.2. Analytical Applications of Differentiation/Source/8.2.6. Determining Intervals on Which a Function Is Increasing or Decreasing
lesson,100098,Calc2,1096,4.2.1,Monotonic Sequences,/Users/jake/Developer/MA/DATA/Lessons/1096/1096.md,/Users/jake/Developer/MA/DATA/Lessons/1096/Source
lesson,100099,Calc2,3844,4.2.2,Identifying Monotonic Sequences Using Differentiation,/Users/jake/Developer/MA/DATA/Lessons/3844/3844.md,/Users/jake/Developer/MA/DATA/Lessons/3844/Source
lesson,100100,Calc2,3861,4.2.3,Identifying Monotonic Sequences Using Ratios,/Users/jake/Developer/MA/DATA/Lessons/3861/3861.md,/Users/jake/Developer/MA/DATA/Lessons/3861/Source
prerequisite,18,MF1,323,3.2.8,Fractions of Fractions,vault/MA/Mathematical-Foundations/MF1/3. The Number System/3.2. Multiplication and Division of Rational Numbers/Lessons/3.2.8. Fractions of Fractions.md,vault/MA/Mathematical-Foundations/MF1/3. The Number System/3.2. Multiplication and Division of Rational Numbers/Source/3.2.8. Fractions of Fractions
prerequisite,18,MF2,774,14.3.2,Factorials,vault/MA/Mathematical-Foundations/MF2/14. Probability & Combinatorics/14.3. Combinatorics/Lessons/14.3.2. Factorials.md,vault/MA/Mathematical-Foundations/MF2/14. Probability & Combinatorics/14.3. Combinatorics/Source/14.3.2. Factorials
prerequisite,22,MF1,423,7.2.3,Simplifying Rational Expressions by Factoring,vault/MA/Mathematical-Foundations/MF1/7. Radical & Rational Expressions/7.2. Rational Expressions/Lessons/7.2.3. Simplifying Rational Expressions by Factoring.md,vault/MA/Mathematical-Foundations/MF1/7. Radical & Rational Expressions/7.2. Rational Expressions/Source/7.2.3. Simplifying Rational Expressions by Factoring
prerequisite,23,MF1,802,8.1.4,The Domain of a Function,vault/MA/Mathematical-Foundations/MF1/8. Functions/8.1. Functions/Lessons/8.1.4. The Domain of a Function.md,vault/MA/Mathematical-Foundations/MF1/8. Functions/8.1. Functions/Source/8.1.4. The Domain of a Function
prerequisite,24,MF1,371,11.1.7,Multiplying Binomials,vault/MA/Mathematical-Foundations/MF1/11. Polynomials/11.1. Polynomials/Lessons/11.1.7. Multiplying Binomials.md,vault/MA/Mathematical-Foundations/MF1/11. Polynomials/11.1. Polynomials/Source/11.1.7. Multiplying Binomials
prerequisite,25,MF2,3710,14.3.3,Factorials in Variable Expressions,vault/MA/Mathematical-Foundations/MF2/14. Probability & Combinatorics/14.3. Combinatorics/Lessons/14.3.3. Factorials in Variable Expressions.md,vault/MA/Mathematical-Foundations/MF2/14. Probability & Combinatorics/14.3. Combinatorics/Source/14.3.3. Factorials in Variable Expressions
prerequisite,27,MF1,1428,10.1.5,The Power of Quotient Rule With Algebraic Expressions,vault/MA/Mathematical-Foundations/MF1/10. Exponential Functions/10.1. Rules of Exponents/Lessons/10.1.5. The Power of Quotient Rule With Algebraic Expressions.md,vault/MA/Mathematical-Foundations/MF1/10. Exponential Functions/10.1. Rules of Exponents/Source/10.1.5. The Power of Quotient Rule With Algebraic Expressions
prerequisite,27,MF2,680,7.3.3,The Nth Term of a Geometric Sequence,vault/MA/Mathematical-Foundations/MF2/7. Sequences/7.3. Geometric Sequences/Lessons/7.3.3. The Nth Term of a Geometric Sequence.md,vault/MA/Mathematical-Foundations/MF2/7. Sequences/7.3. Geometric Sequences/Source/7.3.3. The Nth Term of a Geometric Sequence
prerequisite,28,MF1,1417,10.1.6,Combining the Rules of Exponents With Algebraic Expressions,vault/MA/Mathematical-Foundations/MF1/10. Exponential Functions/10.1. Rules of Exponents/Lessons/10.1.6. Combining the Rules of Exponents With Algebraic Expressions.md,vault/MA/Mathematical-Foundations/MF1/10. Exponential Functions/10.1. Rules of Exponents/Source/10.1.6. Combining the Rules of Exponents With Algebraic Expressions
prerequisite,29,MF1,4034,5.6.7,Further Solving Linear Inequalities,vault/MA/Mathematical-Foundations/MF1/5. Equations & Inequalities/5.6. Solving Linear Inequalities/Lessons/5.6.7. Further Solving Linear Inequalities.md,vault/MA/Mathematical-Foundations/MF1/5. Equations & Inequalities/5.6. Solving Linear Inequalities/Source/5.6.7. Further Solving Linear Inequalities
prerequisite,31,MF1,2048,8.1.6,End Behavior of Functions,vault/MA/Mathematical-Foundations/MF1/8. Functions/8.1. Functions/Lessons/8.1.6. End Behavior of Functions.md,vault/MA/Mathematical-Foundations/MF1/8. Functions/8.1. Functions/Source/8.1.6. End Behavior of Functions
prerequisite,31,MF1,1628,8.1.10,Increasing and Decreasing Functions,vault/MA/Mathematical-Foundations/MF1/8. Functions/8.1. Functions/Lessons/8.1.10. Increasing and Decreasing Functions.md,vault/MA/Mathematical-Foundations/MF1/8. Functions/8.1. Functions/Source/8.1.10. Increasing and Decreasing Functions
prerequisite,32,MF2,37,11.2.4,The Power and Root Rules for Limits,vault/MA/Mathematical-Foundations/MF2/11. Limits & Continuity/11.2. The Algebra of Limits/Lessons/11.2.4. The Power and Root Rules for Limits.md,vault/MA/Mathematical-Foundations/MF2/11. Limits & Continuity/11.2. The Algebra of Limits/Source/11.2.4. The Power and Root Rules for Limits
prerequisite,33,MF3,1495,2.1.1,Solving Elementary Quadratic Inequalities,vault/MA/Mathematical-Foundations/MF3/2. Inequalities/2.1. Single-Variable Inequalities/Lessons/2.1.1. Solving Elementary Quadratic Inequalities.md,vault/MA/Mathematical-Foundations/MF3/2. Inequalities/2.1. Single-Variable Inequalities/Source/2.1.1. Solving Elementary Quadratic Inequalities
prerequisite,36,MF3,3355,2.1.9,Solving Rational Inequalities,vault/MA/Mathematical-Foundations/MF3/2. Inequalities/2.1. Single-Variable Inequalities/Lessons/2.1.9. Solving Rational Inequalities.md,vault/MA/Mathematical-Foundations/MF3/2. Inequalities/2.1. Single-Variable Inequalities/Source/2.1.9. Solving Rational Inequalities
prerequisite,36,MF3,2859,2.1.10,Solving Inequalities Involving Exponential Functions and Polynomials,vault/MA/Mathematical-Foundations/MF3/2. Inequalities/2.1. Single-Variable Inequalities/Lessons/2.1.10. Solving Inequalities Involving Exponential Functions and Polynomials.md,vault/MA/Mathematical-Foundations/MF3/2. Inequalities/2.1. Single-Variable Inequalities/Source/2.1.10. Solving Inequalities Involving Exponential Functions and Polynomials
prerequisite,38,MF2,1873,11.1.4,Limits at Infinity from Graphs,vault/MA/Mathematical-Foundations/MF2/11. Limits & Continuity/11.1. Estimating Limits from Graphs/Lessons/11.1.4. Limits at Infinity from Graphs.md,vault/MA/Mathematical-Foundations/MF2/11. Limits & Continuity/11.1. Estimating Limits from Graphs/Source/11.1.4. Limits at Infinity from Graphs
prerequisite,39,MF2,275,9.7.5,Combining Graph Transformations of Sine and Cosine,vault/MA/Mathematical-Foundations/MF2/9. Trigonometry/9.7. Graph Transformations of Trigonometric Functions/Lessons/9.7.5. Combining Graph Transformations of Sine and Cosine.md,vault/MA/Mathematical-Foundations/MF2/9. Trigonometry/9.7. Graph Transformations of Trigonometric Functions/Source/9.7.5. Combining Graph Transformations of Sine and Cosine
prerequisite,39,MF2,654,9.7.6,Graph Transformations of Tangent and Cotangent,vault/MA/Mathematical-Foundations/MF2/9. Trigonometry/9.7. Graph Transformations of Trigonometric Functions/Lessons/9.7.6. Graph Transformations of Tangent and Cotangent.md,vault/MA/Mathematical-Foundations/MF2/9. Trigonometry/9.7. Graph Transformations of Trigonometric Functions/Source/9.7.6. Graph Transformations of Tangent and Cotangent
prerequisite,39,MF2,1814,11.1.5,Infinite Limits from Graphs,vault/MA/Mathematical-Foundations/MF2/11. Limits & Continuity/11.1. Estimating Limits from Graphs/Lessons/11.1.5. Infinite Limits from Graphs.md,vault/MA/Mathematical-Foundations/MF2/11. Limits & Continuity/11.1. Estimating Limits from Graphs/Source/11.1.5. Infinite Limits from Graphs
prerequisite,39,MF2,1717,11.3.3,Limits of Exponential Functions,vault/MA/Mathematical-Foundations/MF2/11. Limits & Continuity/11.3. Limits of Functions/Lessons/11.3.3. Limits of Exponential Functions.md,vault/MA/Mathematical-Foundations/MF2/11. Limits & Continuity/11.3. Limits of Functions/Source/11.3.3. Limits of Exponential Functions
prerequisite,40,MF2,1719,11.3.6,Limits of Trigonometric Functions,vault/MA/Mathematical-Foundations/MF2/11. Limits & Continuity/11.3. Limits of Functions/Lessons/11.3.6. Limits of Trigonometric Functions.md,vault/MA/Mathematical-Foundations/MF2/11. Limits & Continuity/11.3. Limits of Functions/Source/11.3.6. Limits of Trigonometric Functions
prerequisite,40,MF3,2147,2.1.7,Solving Polynomial Inequalities Using a Graphical Method,vault/MA/Mathematical-Foundations/MF3/2. Inequalities/2.1. Single-Variable Inequalities/Lessons/2.1.7. Solving Polynomial Inequalities Using a Graphical Method.md,vault/MA/Mathematical-Foundations/MF3/2. Inequalities/2.1. Single-Variable Inequalities/Source/2.1.7. Solving Polynomial Inequalities Using a Graphical Method
prerequisite,41,MF3,1903,7.1.6,Limits at Infinity and Horizontal Asymptotes of Rational Functions,vault/MA/Mathematical-Foundations/MF3/7. Limits & Continuity/7.1. Limits/Lessons/7.1.6. Limits at Infinity and Horizontal Asymptotes of Rational Functions.md,vault/MA/Mathematical-Foundations/MF3/7. Limits & Continuity/7.1. Limits/Source/7.1.6. Limits at Infinity and Horizontal Asymptotes of Rational Functions
prerequisite,41,MF3,607,7.1.8,Evaluating Limits at Infinity by Comparing Relative Magnitudes of Functions,vault/MA/Mathematical-Foundations/MF3/7. Limits & Continuity/7.1. Limits/Lessons/7.1.8. Evaluating Limits at Infinity by Comparing Relative Magnitudes of Functions.md,vault/MA/Mathematical-Foundations/MF3/7. Limits & Continuity/7.1. Limits/Source/7.1.8. Evaluating Limits at Infinity by Comparing Relative Magnitudes of Functions
prerequisite,42,MF3,2982,2.1.5,Solving Inequalities Involving Positive and Negative Factors,vault/MA/Mathematical-Foundations/MF3/2. Inequalities/2.1. Single-Variable Inequalities/Lessons/2.1.5. Solving Inequalities Involving Positive and Negative Factors.md,vault/MA/Mathematical-Foundations/MF3/2. Inequalities/2.1. Single-Variable Inequalities/Source/2.1.5. Solving Inequalities Involving Positive and Negative Factors
prerequisite,49,MF3,752,8.2.5,Using Differentiation to Calculate Critical Points,vault/MA/Mathematical-Foundations/MF3/8. Differentiation/8.2. Analytical Applications of Differentiation/Lessons/8.2.5. Using Differentiation to Calculate Critical Points.md,vault/MA/Mathematical-Foundations/MF3/8. Differentiation/8.2. Analytical Applications of Differentiation/Source/8.2.5. Using Differentiation to Calculate Critical Points
