layer,topic-id,topic-code,topic-name,lesson-path,source-path
58,148,DSM.1.1.1,Systems of Equations as Augmented Matrices,vault/MA/Mathematical-Structures-&-Proof/DSM/1. Preliminaries/1.1. Matrices/Lessons/1.1.1. Systems of Equations as Augmented Matrices.md,vault/MA/Mathematical-Structures-&-Proof/DSM/1. Preliminaries/1.1. Matrices/Source/1.1.1. Systems of Equations as Augmented Matrices
59,2083,DSM.1.1.2,Row Echelon Form,vault/MA/Mathematical-Structures-&-Proof/DSM/1. Preliminaries/1.1. Matrices/Lessons/1.1.2. Row Echelon Form.md,vault/MA/Mathematical-Structures-&-Proof/DSM/1. Preliminaries/1.1. Matrices/Source/1.1.2. Row Echelon Form
61,1047,DSM.1.1.3,Solving Systems of Equations Using Back Substitution,vault/MA/Mathematical-Structures-&-Proof/DSM/1. Preliminaries/1.1. Matrices/Lessons/1.1.3. Solving Systems of Equations Using Back Substitution.md,vault/MA/Mathematical-Structures-&-Proof/DSM/1. Preliminaries/1.1. Matrices/Source/1.1.3. Solving Systems of Equations Using Back Substitution
76,3118,DSM.1.1.4,Symmetric Matrices,vault/MA/Mathematical-Structures-&-Proof/DSM/1. Preliminaries/1.1. Matrices/Lessons/1.1.4. Symmetric Matrices.md,vault/MA/Mathematical-Structures-&-Proof/DSM/1. Preliminaries/1.1. Matrices/Source/1.1.4. Symmetric Matrices
64,3778,DSM.2.1.1,Boolean Functions,vault/MA/Mathematical-Structures-&-Proof/DSM/2. Boolean Algebra/2.1. Boolean Functions/Lessons/2.1.1. Boolean Functions.md,vault/MA/Mathematical-Structures-&-Proof/DSM/2. Boolean Algebra/2.1. Boolean Functions/Source/2.1.1. Boolean Functions
82,3779,DSM.2.1.2,Boolean Functions And Logical Operations,vault/MA/Mathematical-Structures-&-Proof/DSM/2. Boolean Algebra/2.1. Boolean Functions/Lessons/2.1.2. Boolean Functions And Logical Operations.md,vault/MA/Mathematical-Structures-&-Proof/DSM/2. Boolean Algebra/2.1. Boolean Functions/Source/2.1.2. Boolean Functions And Logical Operations
83,3780,DSM.2.1.3,Disjunctive Normal Forms,vault/MA/Mathematical-Structures-&-Proof/DSM/2. Boolean Algebra/2.1. Boolean Functions/Lessons/2.1.3. Disjunctive Normal Forms.md,vault/MA/Mathematical-Structures-&-Proof/DSM/2. Boolean Algebra/2.1. Boolean Functions/Source/2.1.3. Disjunctive Normal Forms
84,5396,DSM.2.1.4,Principal Disjunctive Normal Forms,vault/MA/Mathematical-Structures-&-Proof/DSM/2. Boolean Algebra/2.1. Boolean Functions/Lessons/2.1.4. Principal Disjunctive Normal Forms.md,vault/MA/Mathematical-Structures-&-Proof/DSM/2. Boolean Algebra/2.1. Boolean Functions/Source/2.1.4. Principal Disjunctive Normal Forms
83,3781,DSM.2.1.5,Conjunctive Normal Forms,vault/MA/Mathematical-Structures-&-Proof/DSM/2. Boolean Algebra/2.1. Boolean Functions/Lessons/2.1.5. Conjunctive Normal Forms.md,vault/MA/Mathematical-Structures-&-Proof/DSM/2. Boolean Algebra/2.1. Boolean Functions/Source/2.1.5. Conjunctive Normal Forms
84,5397,DSM.2.1.6,Principal Conjunctive Normal Forms,vault/MA/Mathematical-Structures-&-Proof/DSM/2. Boolean Algebra/2.1. Boolean Functions/Lessons/2.1.6. Principal Conjunctive Normal Forms.md,vault/MA/Mathematical-Structures-&-Proof/DSM/2. Boolean Algebra/2.1. Boolean Functions/Source/2.1.6. Principal Conjunctive Normal Forms
85,3782,DSM.2.1.7,Boolean Polynomials,vault/MA/Mathematical-Structures-&-Proof/DSM/2. Boolean Algebra/2.1. Boolean Functions/Lessons/2.1.7. Boolean Polynomials.md,vault/MA/Mathematical-Structures-&-Proof/DSM/2. Boolean Algebra/2.1. Boolean Functions/Source/2.1.7. Boolean Polynomials
84,3793,DSM.2.1.8,Simplifying Logical Expressions Using Karnaugh Maps,vault/MA/Mathematical-Structures-&-Proof/DSM/2. Boolean Algebra/2.1. Boolean Functions/Lessons/2.1.8. Simplifying Logical Expressions Using Karnaugh Maps.md,vault/MA/Mathematical-Structures-&-Proof/DSM/2. Boolean Algebra/2.1. Boolean Functions/Source/2.1.8. Simplifying Logical Expressions Using Karnaugh Maps
84,3783,DSM.2.2.1,Truth-Preserving Boolean Functions,vault/MA/Mathematical-Structures-&-Proof/DSM/2. Boolean Algebra/2.2. Classes of Boolean Functions/Lessons/2.2.1. Truth-Preserving Boolean Functions.md,vault/MA/Mathematical-Structures-&-Proof/DSM/2. Boolean Algebra/2.2. Classes of Boolean Functions/Source/2.2.1. Truth-Preserving Boolean Functions
83,3785,DSM.2.2.2,Self-Dual Boolean Functions,vault/MA/Mathematical-Structures-&-Proof/DSM/2. Boolean Algebra/2.2. Classes of Boolean Functions/Lessons/2.2.2. Self-Dual Boolean Functions.md,vault/MA/Mathematical-Structures-&-Proof/DSM/2. Boolean Algebra/2.2. Classes of Boolean Functions/Source/2.2.2. Self-Dual Boolean Functions
83,3786,DSM.2.2.3,Monotonic Boolean Functions,vault/MA/Mathematical-Structures-&-Proof/DSM/2. Boolean Algebra/2.2. Classes of Boolean Functions/Lessons/2.2.3. Monotonic Boolean Functions.md,vault/MA/Mathematical-Structures-&-Proof/DSM/2. Boolean Algebra/2.2. Classes of Boolean Functions/Source/2.2.3. Monotonic Boolean Functions
86,3787,DSM.2.2.4,Affine Boolean Functions,vault/MA/Mathematical-Structures-&-Proof/DSM/2. Boolean Algebra/2.2. Classes of Boolean Functions/Lessons/2.2.4. Affine Boolean Functions.md,vault/MA/Mathematical-Structures-&-Proof/DSM/2. Boolean Algebra/2.2. Classes of Boolean Functions/Source/2.2.4. Affine Boolean Functions
83,3788,DSM.2.2.5,Functionally Complete Sets,vault/MA/Mathematical-Structures-&-Proof/DSM/2. Boolean Algebra/2.2. Classes of Boolean Functions/Lessons/2.2.5. Functionally Complete Sets.md,vault/MA/Mathematical-Structures-&-Proof/DSM/2. Boolean Algebra/2.2. Classes of Boolean Functions/Source/2.2.5. Functionally Complete Sets
87,5398,DSM.2.2.6,Post's Functional Completeness Theorem,vault/MA/Mathematical-Structures-&-Proof/DSM/2. Boolean Algebra/2.2. Classes of Boolean Functions/Lessons/2.2.6. Post's Functional Completeness Theorem.md,vault/MA/Mathematical-Structures-&-Proof/DSM/2. Boolean Algebra/2.2. Classes of Boolean Functions/Source/2.2.6. Post's Functional Completeness Theorem
83,3789,DSM.2.3.1,Introduction to Logic Circuits,vault/MA/Mathematical-Structures-&-Proof/DSM/2. Boolean Algebra/2.3. Logic Circuits/Lessons/2.3.1. Introduction to Logic Circuits.md,vault/MA/Mathematical-Structures-&-Proof/DSM/2. Boolean Algebra/2.3. Logic Circuits/Source/2.3.1. Introduction to Logic Circuits
84,3791,DSM.2.3.2,Logic Gates and Combinational Circuits,vault/MA/Mathematical-Structures-&-Proof/DSM/2. Boolean Algebra/2.3. Logic Circuits/Lessons/2.3.2. Logic Gates and Combinational Circuits.md,vault/MA/Mathematical-Structures-&-Proof/DSM/2. Boolean Algebra/2.3. Logic Circuits/Source/2.3.2. Logic Gates and Combinational Circuits
85,3790,DSM.2.3.3,Simplifying Logic Circuits,vault/MA/Mathematical-Structures-&-Proof/DSM/2. Boolean Algebra/2.3. Logic Circuits/Lessons/2.3.3. Simplifying Logic Circuits.md,vault/MA/Mathematical-Structures-&-Proof/DSM/2. Boolean Algebra/2.3. Logic Circuits/Source/2.3.3. Simplifying Logic Circuits
32,3363,DSM.3.1.1,Binary Integers,vault/MA/Mathematical-Structures-&-Proof/DSM/3. Number Theory/3.1. Numbers in Different Bases/Lessons/3.1.1. Binary Integers.md,vault/MA/Mathematical-Structures-&-Proof/DSM/3. Number Theory/3.1. Numbers in Different Bases/Source/3.1.1. Binary Integers
33,3362,DSM.3.1.2,Adding and Subtracting Binary Integers,vault/MA/Mathematical-Structures-&-Proof/DSM/3. Number Theory/3.1. Numbers in Different Bases/Lessons/3.1.2. Adding and Subtracting Binary Integers.md,vault/MA/Mathematical-Structures-&-Proof/DSM/3. Number Theory/3.1. Numbers in Different Bases/Source/3.1.2. Adding and Subtracting Binary Integers
34,3760,DSM.3.1.3,Multiplying and Dividing Binary Integers,vault/MA/Mathematical-Structures-&-Proof/DSM/3. Number Theory/3.1. Numbers in Different Bases/Lessons/3.1.3. Multiplying and Dividing Binary Integers.md,vault/MA/Mathematical-Structures-&-Proof/DSM/3. Number Theory/3.1. Numbers in Different Bases/Source/3.1.3. Multiplying and Dividing Binary Integers
35,3136,DSM.3.1.4,Binary Fractions,vault/MA/Mathematical-Structures-&-Proof/DSM/3. Number Theory/3.1. Numbers in Different Bases/Lessons/3.1.4. Binary Fractions.md,vault/MA/Mathematical-Structures-&-Proof/DSM/3. Number Theory/3.1. Numbers in Different Bases/Source/3.1.4. Binary Fractions
75,2984,DSM.3.1.5,Hexadecimal Integers,vault/MA/Mathematical-Structures-&-Proof/DSM/3. Number Theory/3.1. Numbers in Different Bases/Lessons/3.1.5. Hexadecimal Integers.md,vault/MA/Mathematical-Structures-&-Proof/DSM/3. Number Theory/3.1. Numbers in Different Bases/Source/3.1.5. Hexadecimal Integers
76,2891,DSM.3.1.6,Converting Between Binary and Hexadecimal Integers,vault/MA/Mathematical-Structures-&-Proof/DSM/3. Number Theory/3.1. Numbers in Different Bases/Lessons/3.1.6. Converting Between Binary and Hexadecimal Integers.md,vault/MA/Mathematical-Structures-&-Proof/DSM/3. Number Theory/3.1. Numbers in Different Bases/Source/3.1.6. Converting Between Binary and Hexadecimal Integers
75,2889,DSM.3.1.7,Integers in Arbitrary Bases,vault/MA/Mathematical-Structures-&-Proof/DSM/3. Number Theory/3.1. Numbers in Different Bases/Lessons/3.1.7. Integers in Arbitrary Bases.md,vault/MA/Mathematical-Structures-&-Proof/DSM/3. Number Theory/3.1. Numbers in Different Bases/Source/3.1.7. Integers in Arbitrary Bases
76,2888,DSM.3.1.8,Fractions in Arbitrary Bases,vault/MA/Mathematical-Structures-&-Proof/DSM/3. Number Theory/3.1. Numbers in Different Bases/Lessons/3.1.8. Fractions in Arbitrary Bases.md,vault/MA/Mathematical-Structures-&-Proof/DSM/3. Number Theory/3.1. Numbers in Different Bases/Source/3.1.8. Fractions in Arbitrary Bases
80,2726,DSM.3.2.1,Fermat's Little Theorem,vault/MA/Mathematical-Structures-&-Proof/DSM/3. Number Theory/3.2. Fermat and Euler's Theorems/Lessons/3.2.1. Fermat's Little Theorem.md,vault/MA/Mathematical-Structures-&-Proof/DSM/3. Number Theory/3.2. Fermat and Euler's Theorems/Source/3.2.1. Fermat's Little Theorem
78,2654,DSM.3.2.2,Euler's Totient Function,vault/MA/Mathematical-Structures-&-Proof/DSM/3. Number Theory/3.2. Fermat and Euler's Theorems/Lessons/3.2.2. Euler's Totient Function.md,vault/MA/Mathematical-Structures-&-Proof/DSM/3. Number Theory/3.2. Fermat and Euler's Theorems/Source/3.2.2. Euler's Totient Function
81,2727,DSM.3.2.3,Euler's Theorem,vault/MA/Mathematical-Structures-&-Proof/DSM/3. Number Theory/3.2. Fermat and Euler's Theorems/Lessons/3.2.3. Euler's Theorem.md,vault/MA/Mathematical-Structures-&-Proof/DSM/3. Number Theory/3.2. Fermat and Euler's Theorems/Source/3.2.3. Euler's Theorem
78,2736,DSM.3.3.1,Introduction to Cryptography,vault/MA/Mathematical-Structures-&-Proof/DSM/3. Number Theory/3.3. Cryptography/Lessons/3.3.1. Introduction to Cryptography.md,vault/MA/Mathematical-Structures-&-Proof/DSM/3. Number Theory/3.3. Cryptography/Source/3.3.1. Introduction to Cryptography
81,2745,DSM.3.3.2,The Linear Cipher,vault/MA/Mathematical-Structures-&-Proof/DSM/3. Number Theory/3.3. Cryptography/Lessons/3.3.2. The Linear Cipher.md,vault/MA/Mathematical-Structures-&-Proof/DSM/3. Number Theory/3.3. Cryptography/Source/3.3.2. The Linear Cipher
79,2877,DSM.3.3.3,The Diffie-Hellman Protocol,vault/MA/Mathematical-Structures-&-Proof/DSM/3. Number Theory/3.3. Cryptography/Lessons/3.3.3. The Diffie-Hellman Protocol.md,vault/MA/Mathematical-Structures-&-Proof/DSM/3. Number Theory/3.3. Cryptography/Source/3.3.3. The Diffie-Hellman Protocol
82,2869,DSM.3.3.4,The RSA Cryptosystem,vault/MA/Mathematical-Structures-&-Proof/DSM/3. Number Theory/3.3. Cryptography/Lessons/3.3.4. The RSA Cryptosystem.md,vault/MA/Mathematical-Structures-&-Proof/DSM/3. Number Theory/3.3. Cryptography/Source/3.3.4. The RSA Cryptosystem
69,1290,DSM.4.1.1,Probability Mass Functions of Discrete Random Variables,vault/MA/Mathematical-Structures-&-Proof/DSM/4. Probability & Combinatorics/4.1. Discrete Random Variables/Lessons/4.1.1. Probability Mass Functions of Discrete Random Variables.md,vault/MA/Mathematical-Structures-&-Proof/DSM/4. Probability & Combinatorics/4.1. Discrete Random Variables/Source/4.1.1. Probability Mass Functions of Discrete Random Variables
70,2024,DSM.4.1.2,Cumulative Distribution Functions for Discrete Random Variables,vault/MA/Mathematical-Structures-&-Proof/DSM/4. Probability & Combinatorics/4.1. Discrete Random Variables/Lessons/4.1.2. Cumulative Distribution Functions for Discrete Random Variables.md,vault/MA/Mathematical-Structures-&-Proof/DSM/4. Probability & Combinatorics/4.1. Discrete Random Variables/Source/4.1.2. Cumulative Distribution Functions for Discrete Random Variables
71,3631,DSM.4.1.3,One-to-One Transformations of Discrete Random Variables,vault/MA/Mathematical-Structures-&-Proof/DSM/4. Probability & Combinatorics/4.1. Discrete Random Variables/Lessons/4.1.3. One-to-One Transformations of Discrete Random Variables.md,vault/MA/Mathematical-Structures-&-Proof/DSM/4. Probability & Combinatorics/4.1. Discrete Random Variables/Source/4.1.3. One-to-One Transformations of Discrete Random Variables
72,3647,DSM.4.1.4,Many-to-One Transformations of Discrete Random Variables,vault/MA/Mathematical-Structures-&-Proof/DSM/4. Probability & Combinatorics/4.1. Discrete Random Variables/Lessons/4.1.4. Many-to-One Transformations of Discrete Random Variables.md,vault/MA/Mathematical-Structures-&-Proof/DSM/4. Probability & Combinatorics/4.1. Discrete Random Variables/Source/4.1.4. Many-to-One Transformations of Discrete Random Variables
70,730,DSM.4.1.5,Expected Values of Discrete Random Variables,vault/MA/Mathematical-Structures-&-Proof/DSM/4. Probability & Combinatorics/4.1. Discrete Random Variables/Lessons/4.1.5. Expected Values of Discrete Random Variables.md,vault/MA/Mathematical-Structures-&-Proof/DSM/4. Probability & Combinatorics/4.1. Discrete Random Variables/Source/4.1.5. Expected Values of Discrete Random Variables
72,2836,DSM.4.1.6,Properties of Expectation for Discrete Random Variables,vault/MA/Mathematical-Structures-&-Proof/DSM/4. Probability & Combinatorics/4.1. Discrete Random Variables/Lessons/4.1.6. Properties of Expectation for Discrete Random Variables.md,vault/MA/Mathematical-Structures-&-Proof/DSM/4. Probability & Combinatorics/4.1. Discrete Random Variables/Source/4.1.6. Properties of Expectation for Discrete Random Variables
74,1388,DSM.4.1.7,Variance of Discrete Random Variables,vault/MA/Mathematical-Structures-&-Proof/DSM/4. Probability & Combinatorics/4.1. Discrete Random Variables/Lessons/4.1.7. Variance of Discrete Random Variables.md,vault/MA/Mathematical-Structures-&-Proof/DSM/4. Probability & Combinatorics/4.1. Discrete Random Variables/Source/4.1.7. Variance of Discrete Random Variables
73,3642,DSM.4.1.8,Moments of Discrete Random Variables,vault/MA/Mathematical-Structures-&-Proof/DSM/4. Probability & Combinatorics/4.1. Discrete Random Variables/Lessons/4.1.8. Moments of Discrete Random Variables.md,vault/MA/Mathematical-Structures-&-Proof/DSM/4. Probability & Combinatorics/4.1. Discrete Random Variables/Source/4.1.8. Moments of Discrete Random Variables
75,3028,DSM.4.1.9,Properties of Variance for Discrete Random Variables,vault/MA/Mathematical-Structures-&-Proof/DSM/4. Probability & Combinatorics/4.1. Discrete Random Variables/Lessons/4.1.9. Properties of Variance for Discrete Random Variables.md,vault/MA/Mathematical-Structures-&-Proof/DSM/4. Probability & Combinatorics/4.1. Discrete Random Variables/Source/4.1.9. Properties of Variance for Discrete Random Variables
72,3010,DSM.4.2.1,The Discrete Uniform Distribution,vault/MA/Mathematical-Structures-&-Proof/DSM/4. Probability & Combinatorics/4.2. The Discrete Uniform Distribution/Lessons/4.2.1. The Discrete Uniform Distribution.md,vault/MA/Mathematical-Structures-&-Proof/DSM/4. Probability & Combinatorics/4.2. The Discrete Uniform Distribution/Source/4.2.1. The Discrete Uniform Distribution
75,3402,DSM.4.2.2,Mean and Variance of the Discrete Uniform Distribution,vault/MA/Mathematical-Structures-&-Proof/DSM/4. Probability & Combinatorics/4.2. The Discrete Uniform Distribution/Lessons/4.2.2. Mean and Variance of the Discrete Uniform Distribution.md,vault/MA/Mathematical-Structures-&-Proof/DSM/4. Probability & Combinatorics/4.2. The Discrete Uniform Distribution/Source/4.2.2. Mean and Variance of the Discrete Uniform Distribution
74,3269,DSM.4.2.3,Modeling With Discrete Uniform Distributions,vault/MA/Mathematical-Structures-&-Proof/DSM/4. Probability & Combinatorics/4.2. The Discrete Uniform Distribution/Lessons/4.2.3. Modeling With Discrete Uniform Distributions.md,vault/MA/Mathematical-Structures-&-Proof/DSM/4. Probability & Combinatorics/4.2. The Discrete Uniform Distribution/Source/4.2.3. Modeling With Discrete Uniform Distributions
75,3071,DSM.4.3.1,The Bernoulli Distribution,vault/MA/Mathematical-Structures-&-Proof/DSM/4. Probability & Combinatorics/4.3. The Bernoulli Distribution/Lessons/4.3.1. The Bernoulli Distribution.md,vault/MA/Mathematical-Structures-&-Proof/DSM/4. Probability & Combinatorics/4.3. The Bernoulli Distribution/Source/4.3.1. The Bernoulli Distribution
76,3280,DSM.4.3.2,Mean and Variance of the Bernoulli Distribution,vault/MA/Mathematical-Structures-&-Proof/DSM/4. Probability & Combinatorics/4.3. The Bernoulli Distribution/Lessons/4.3.2. Mean and Variance of the Bernoulli Distribution.md,vault/MA/Mathematical-Structures-&-Proof/DSM/4. Probability & Combinatorics/4.3. The Bernoulli Distribution/Source/4.3.2. Mean and Variance of the Bernoulli Distribution
70,3281,DSM.4.4.1,The Binomial Distribution,vault/MA/Mathematical-Structures-&-Proof/DSM/4. Probability & Combinatorics/4.4. The Binomial Distribution/Lessons/4.4.1. The Binomial Distribution.md,vault/MA/Mathematical-Structures-&-Proof/DSM/4. Probability & Combinatorics/4.4. The Binomial Distribution/Source/4.4.1. The Binomial Distribution
72,1395,DSM.4.4.2,Modeling With the Binomial Distribution,vault/MA/Mathematical-Structures-&-Proof/DSM/4. Probability & Combinatorics/4.4. The Binomial Distribution/Lessons/4.4.2. Modeling With the Binomial Distribution.md,vault/MA/Mathematical-Structures-&-Proof/DSM/4. Probability & Combinatorics/4.4. The Binomial Distribution/Source/4.4.2. Modeling With the Binomial Distribution
77,2149,DSM.4.4.3,Mean and Variance of the Binomial Distribution,vault/MA/Mathematical-Structures-&-Proof/DSM/4. Probability & Combinatorics/4.4. The Binomial Distribution/Lessons/4.4.3. Mean and Variance of the Binomial Distribution.md,vault/MA/Mathematical-Structures-&-Proof/DSM/4. Probability & Combinatorics/4.4. The Binomial Distribution/Source/4.4.3. Mean and Variance of the Binomial Distribution
70,3282,DSM.4.5.1,The Poisson Distribution,vault/MA/Mathematical-Structures-&-Proof/DSM/4. Probability & Combinatorics/4.5. The Poisson Distribution/Lessons/4.5.1. The Poisson Distribution.md,vault/MA/Mathematical-Structures-&-Proof/DSM/4. Probability & Combinatorics/4.5. The Poisson Distribution/Source/4.5.1. The Poisson Distribution
76,2838,DSM.4.5.2,Modeling With the Poisson Distribution,vault/MA/Mathematical-Structures-&-Proof/DSM/4. Probability & Combinatorics/4.5. The Poisson Distribution/Lessons/4.5.2. Modeling With the Poisson Distribution.md,vault/MA/Mathematical-Structures-&-Proof/DSM/4. Probability & Combinatorics/4.5. The Poisson Distribution/Source/4.5.2. Modeling With the Poisson Distribution
77,2991,DSM.4.5.3,Mean and Variance of the Poisson Distribution,vault/MA/Mathematical-Structures-&-Proof/DSM/4. Probability & Combinatorics/4.5. The Poisson Distribution/Lessons/4.5.3. Mean and Variance of the Poisson Distribution.md,vault/MA/Mathematical-Structures-&-Proof/DSM/4. Probability & Combinatorics/4.5. The Poisson Distribution/Source/4.5.3. Mean and Variance of the Poisson Distribution
78,2840,DSM.4.5.4,The Poisson Approximation of the Binomial Distribution,vault/MA/Mathematical-Structures-&-Proof/DSM/4. Probability & Combinatorics/4.5. The Poisson Distribution/Lessons/4.5.4. The Poisson Approximation of the Binomial Distribution.md,vault/MA/Mathematical-Structures-&-Proof/DSM/4. Probability & Combinatorics/4.5. The Poisson Distribution/Source/4.5.4. The Poisson Approximation of the Binomial Distribution
70,3284,DSM.4.6.1,The Geometric Distribution,vault/MA/Mathematical-Structures-&-Proof/DSM/4. Probability & Combinatorics/4.6. The Geometric Distribution/Lessons/4.6.1. The Geometric Distribution.md,vault/MA/Mathematical-Structures-&-Proof/DSM/4. Probability & Combinatorics/4.6. The Geometric Distribution/Source/4.6.1. The Geometric Distribution
75,2839,DSM.4.6.2,Modeling With the Geometric Distribution,vault/MA/Mathematical-Structures-&-Proof/DSM/4. Probability & Combinatorics/4.6. The Geometric Distribution/Lessons/4.6.2. Modeling With the Geometric Distribution.md,vault/MA/Mathematical-Structures-&-Proof/DSM/4. Probability & Combinatorics/4.6. The Geometric Distribution/Source/4.6.2. Modeling With the Geometric Distribution
76,2992,DSM.4.6.3,Mean and Variance of the Geometric Distribution,vault/MA/Mathematical-Structures-&-Proof/DSM/4. Probability & Combinatorics/4.6. The Geometric Distribution/Lessons/4.6.3. Mean and Variance of the Geometric Distribution.md,vault/MA/Mathematical-Structures-&-Proof/DSM/4. Probability & Combinatorics/4.6. The Geometric Distribution/Source/4.6.3. Mean and Variance of the Geometric Distribution
72,3072,DSM.4.7.1,The Negative Binomial Distribution,vault/MA/Mathematical-Structures-&-Proof/DSM/4. Probability & Combinatorics/4.7. The Negative Binomial Distribution/Lessons/4.7.1. The Negative Binomial Distribution.md,vault/MA/Mathematical-Structures-&-Proof/DSM/4. Probability & Combinatorics/4.7. The Negative Binomial Distribution/Source/4.7.1. The Negative Binomial Distribution
76,3285,DSM.4.7.2,Modeling With the Negative Binomial Distribution,vault/MA/Mathematical-Structures-&-Proof/DSM/4. Probability & Combinatorics/4.7. The Negative Binomial Distribution/Lessons/4.7.2. Modeling With the Negative Binomial Distribution.md,vault/MA/Mathematical-Structures-&-Proof/DSM/4. Probability & Combinatorics/4.7. The Negative Binomial Distribution/Source/4.7.2. Modeling With the Negative Binomial Distribution
70,3073,DSM.4.8.1,The Hypergeometric Distribution,vault/MA/Mathematical-Structures-&-Proof/DSM/4. Probability & Combinatorics/4.8. The Hypergeometric Distribution/Lessons/4.8.1. The Hypergeometric Distribution.md,vault/MA/Mathematical-Structures-&-Proof/DSM/4. Probability & Combinatorics/4.8. The Hypergeometric Distribution/Source/4.8.1. The Hypergeometric Distribution
71,5412,DSM.4.8.2,The PMF of the Hypergeometric Distribution,vault/MA/Mathematical-Structures-&-Proof/DSM/4. Probability & Combinatorics/4.8. The Hypergeometric Distribution/Lessons/4.8.2. The PMF of the Hypergeometric Distribution.md,vault/MA/Mathematical-Structures-&-Proof/DSM/4. Probability & Combinatorics/4.8. The Hypergeometric Distribution/Source/4.8.2. The PMF of the Hypergeometric Distribution
69,3272,DSM.4.9.1,Bayes' Theorem,vault/MA/Mathematical-Structures-&-Proof/DSM/4. Probability & Combinatorics/4.9. Bayes' Theorem/Lessons/4.9.1. Bayes' Theorem.md,vault/MA/Mathematical-Structures-&-Proof/DSM/4. Probability & Combinatorics/4.9. Bayes' Theorem/Source/4.9.1. Bayes' Theorem
70,3286,DSM.4.9.2,Extending Bayes' Theorem,vault/MA/Mathematical-Structures-&-Proof/DSM/4. Probability & Combinatorics/4.9. Bayes' Theorem/Lessons/4.9.2. Extending Bayes' Theorem.md,vault/MA/Mathematical-Structures-&-Proof/DSM/4. Probability & Combinatorics/4.9. Bayes' Theorem/Source/4.9.2. Extending Bayes' Theorem
68,773,DSM.4.9.3,The Law of Total Probability,vault/MA/Mathematical-Structures-&-Proof/DSM/4. Probability & Combinatorics/4.9. Bayes' Theorem/Lessons/4.9.3. The Law of Total Probability.md,vault/MA/Mathematical-Structures-&-Proof/DSM/4. Probability & Combinatorics/4.9. Bayes' Theorem/Source/4.9.3. The Law of Total Probability
69,971,DSM.4.9.4,Extending the Law of Total Probability,vault/MA/Mathematical-Structures-&-Proof/DSM/4. Probability & Combinatorics/4.9. Bayes' Theorem/Lessons/4.9.4. Extending the Law of Total Probability.md,vault/MA/Mathematical-Structures-&-Proof/DSM/4. Probability & Combinatorics/4.9. Bayes' Theorem/Source/4.9.4. Extending the Law of Total Probability
67,1341,DSM.4.10.1,Permutations With Repetition,vault/MA/Mathematical-Structures-&-Proof/DSM/4. Probability & Combinatorics/4.10. Combinatorics/Lessons/4.10.1. Permutations With Repetition.md,vault/MA/Mathematical-Structures-&-Proof/DSM/4. Probability & Combinatorics/4.10. Combinatorics/Source/4.10.1. Permutations With Repetition
62,1342,DSM.4.10.2,K Permutations of N With Repetition,vault/MA/Mathematical-Structures-&-Proof/DSM/4. Probability & Combinatorics/4.10. Combinatorics/Lessons/4.10.2. K Permutations of N With Repetition.md,vault/MA/Mathematical-Structures-&-Proof/DSM/4. Probability & Combinatorics/4.10. Combinatorics/Source/4.10.2. K Permutations of N With Repetition
63,1343,DSM.4.10.3,Combinations With Repetition,vault/MA/Mathematical-Structures-&-Proof/DSM/4. Probability & Combinatorics/4.10. Combinatorics/Lessons/4.10.3. Combinations With Repetition.md,vault/MA/Mathematical-Structures-&-Proof/DSM/4. Probability & Combinatorics/4.10. Combinatorics/Source/4.10.3. Combinations With Repetition
64,1344,DSM.4.10.4,The Inclusion-Exclusion Principle,vault/MA/Mathematical-Structures-&-Proof/DSM/4. Probability & Combinatorics/4.10. Combinatorics/Lessons/4.10.4. The Inclusion-Exclusion Principle.md,vault/MA/Mathematical-Structures-&-Proof/DSM/4. Probability & Combinatorics/4.10. Combinatorics/Source/4.10.4. The Inclusion-Exclusion Principle
65,2852,DSM.4.10.5,Counting Integer Solutions of a Constrained Equation,vault/MA/Mathematical-Structures-&-Proof/DSM/4. Probability & Combinatorics/4.10. Combinatorics/Lessons/4.10.5. Counting Integer Solutions of a Constrained Equation.md,vault/MA/Mathematical-Structures-&-Proof/DSM/4. Probability & Combinatorics/4.10. Combinatorics/Source/4.10.5. Counting Integer Solutions of a Constrained Equation
52,2986,DSM.4.10.6,Partitions,vault/MA/Mathematical-Structures-&-Proof/DSM/4. Probability & Combinatorics/4.10. Combinatorics/Lessons/4.10.6. Partitions.md,vault/MA/Mathematical-Structures-&-Proof/DSM/4. Probability & Combinatorics/4.10. Combinatorics/Source/4.10.6. Partitions
85,2761,DSM.4.10.7,The Pigeonhole Principle,vault/MA/Mathematical-Structures-&-Proof/DSM/4. Probability & Combinatorics/4.10. Combinatorics/Lessons/4.10.7. The Pigeonhole Principle.md,vault/MA/Mathematical-Structures-&-Proof/DSM/4. Probability & Combinatorics/4.10. Combinatorics/Source/4.10.7. The Pigeonhole Principle
69,786,DSM.5.1.1,Finite Linear Series,vault/MA/Mathematical-Structures-&-Proof/DSM/5. Sequences/5.1. Finite Series/Lessons/5.1.1. Finite Linear Series.md,vault/MA/Mathematical-Structures-&-Proof/DSM/5. Sequences/5.1. Finite Series/Source/5.1.1. Finite Linear Series
70,787,DSM.5.1.2,Finite Quadratic Series,vault/MA/Mathematical-Structures-&-Proof/DSM/5. Sequences/5.1. Finite Series/Lessons/5.1.2. Finite Quadratic Series.md,vault/MA/Mathematical-Structures-&-Proof/DSM/5. Sequences/5.1. Finite Series/Source/5.1.2. Finite Quadratic Series
71,789,DSM.5.1.3,Finite Cubic Series,vault/MA/Mathematical-Structures-&-Proof/DSM/5. Sequences/5.1. Finite Series/Lessons/5.1.3. Finite Cubic Series.md,vault/MA/Mathematical-Structures-&-Proof/DSM/5. Sequences/5.1. Finite Series/Source/5.1.3. Finite Cubic Series
64,981,DSM.5.2.1,Infinite Series and Partial Sums,vault/MA/Mathematical-Structures-&-Proof/DSM/5. Sequences/5.2. Geometric Series/Lessons/5.2.1. Infinite Series and Partial Sums.md,vault/MA/Mathematical-Structures-&-Proof/DSM/5. Sequences/5.2. Geometric Series/Source/5.2.1. Infinite Series and Partial Sums
65,982,DSM.5.2.2,Convergent and Divergent Infinite Series,vault/MA/Mathematical-Structures-&-Proof/DSM/5. Sequences/5.2. Geometric Series/Lessons/5.2.2. Convergent and Divergent Infinite Series.md,vault/MA/Mathematical-Structures-&-Proof/DSM/5. Sequences/5.2. Geometric Series/Source/5.2.2. Convergent and Divergent Infinite Series
65,691,DSM.5.2.3,Finding the Sum of an Infinite Geometric Series,vault/MA/Mathematical-Structures-&-Proof/DSM/5. Sequences/5.2. Geometric Series/Lessons/5.2.3. Finding the Sum of an Infinite Geometric Series.md,vault/MA/Mathematical-Structures-&-Proof/DSM/5. Sequences/5.2. Geometric Series/Source/5.2.3. Finding the Sum of an Infinite Geometric Series
65,686,DSM.5.2.4,Writing an Infinite Geometric Series in Sigma Notation,vault/MA/Mathematical-Structures-&-Proof/DSM/5. Sequences/5.2. Geometric Series/Lessons/5.2.4. Writing an Infinite Geometric Series in Sigma Notation.md,vault/MA/Mathematical-Structures-&-Proof/DSM/5. Sequences/5.2. Geometric Series/Source/5.2.4. Writing an Infinite Geometric Series in Sigma Notation
66,1020,DSM.5.2.5,Sums of Infinite Geometric Series Given in Sigma Notation,vault/MA/Mathematical-Structures-&-Proof/DSM/5. Sequences/5.2. Geometric Series/Lessons/5.2.5. Sums of Infinite Geometric Series Given in Sigma Notation.md,vault/MA/Mathematical-Structures-&-Proof/DSM/5. Sequences/5.2. Geometric Series/Source/5.2.5. Sums of Infinite Geometric Series Given in Sigma Notation
66,1189,DSM.5.3.1,The Generalized Binomial Theorem,vault/MA/Mathematical-Structures-&-Proof/DSM/5. Sequences/5.3. The Binomial Theorem/Lessons/5.3.1. The Generalized Binomial Theorem.md,vault/MA/Mathematical-Structures-&-Proof/DSM/5. Sequences/5.3. The Binomial Theorem/Source/5.3.1. The Generalized Binomial Theorem
67,695,DSM.5.3.2,Working With the Generalized Binomial Theorem,vault/MA/Mathematical-Structures-&-Proof/DSM/5. Sequences/5.3. The Binomial Theorem/Lessons/5.3.2. Working With the Generalized Binomial Theorem.md,vault/MA/Mathematical-Structures-&-Proof/DSM/5. Sequences/5.3. The Binomial Theorem/Source/5.3.2. Working With the Generalized Binomial Theorem
68,1191,DSM.5.3.3,Determining Ranges of Validity for Generalized Binomial Expansions,vault/MA/Mathematical-Structures-&-Proof/DSM/5. Sequences/5.3. The Binomial Theorem/Lessons/5.3.3. Determining Ranges of Validity for Generalized Binomial Expansions.md,vault/MA/Mathematical-Structures-&-Proof/DSM/5. Sequences/5.3. The Binomial Theorem/Source/5.3.3. Determining Ranges of Validity for Generalized Binomial Expansions
68,1192,DSM.5.3.4,Approximating Values Using the Generalized Binomial Theorem,vault/MA/Mathematical-Structures-&-Proof/DSM/5. Sequences/5.3. The Binomial Theorem/Lessons/5.3.4. Approximating Values Using the Generalized Binomial Theorem.md,vault/MA/Mathematical-Structures-&-Proof/DSM/5. Sequences/5.3. The Binomial Theorem/Source/5.3.4. Approximating Values Using the Generalized Binomial Theorem
66,1407,DSM.5.3.5,The Multinomial Theorem,vault/MA/Mathematical-Structures-&-Proof/DSM/5. Sequences/5.3. The Binomial Theorem/Lessons/5.3.5. The Multinomial Theorem.md,vault/MA/Mathematical-Structures-&-Proof/DSM/5. Sequences/5.3. The Binomial Theorem/Source/5.3.5. The Multinomial Theorem
67,1409,DSM.5.3.6,Counting Terms in Multinomial Expansions,vault/MA/Mathematical-Structures-&-Proof/DSM/5. Sequences/5.3. The Binomial Theorem/Lessons/5.3.6. Counting Terms in Multinomial Expansions.md,vault/MA/Mathematical-Structures-&-Proof/DSM/5. Sequences/5.3. The Binomial Theorem/Source/5.3.6. Counting Terms in Multinomial Expansions
58,1989,DSM.6.1.1,Introduction to Recurrence Relations,vault/MA/Mathematical-Structures-&-Proof/DSM/6. Recursion/6.1. Recurrence Relations/Lessons/6.1.1. Introduction to Recurrence Relations.md,vault/MA/Mathematical-Structures-&-Proof/DSM/6. Recursion/6.1. Recurrence Relations/Source/6.1.1. Introduction to Recurrence Relations
72,1915,DSM.6.1.2,First-Order Recurrence Relations,vault/MA/Mathematical-Structures-&-Proof/DSM/6. Recursion/6.1. Recurrence Relations/Lessons/6.1.2. First-Order Recurrence Relations.md,vault/MA/Mathematical-Structures-&-Proof/DSM/6. Recursion/6.1. Recurrence Relations/Source/6.1.2. First-Order Recurrence Relations
73,5374,DSM.6.1.3,First-Order Recurrence Relations With Polynomial Forcing,vault/MA/Mathematical-Structures-&-Proof/DSM/6. Recursion/6.1. Recurrence Relations/Lessons/6.1.3. First-Order Recurrence Relations With Polynomial Forcing.md,vault/MA/Mathematical-Structures-&-Proof/DSM/6. Recursion/6.1. Recurrence Relations/Source/6.1.3. First-Order Recurrence Relations With Polynomial Forcing
74,5375,DSM.6.1.4,First-Order Recurrence Relations With Exponential Forcing,vault/MA/Mathematical-Structures-&-Proof/DSM/6. Recursion/6.1. Recurrence Relations/Lessons/6.1.4. First-Order Recurrence Relations With Exponential Forcing.md,vault/MA/Mathematical-Structures-&-Proof/DSM/6. Recursion/6.1. Recurrence Relations/Source/6.1.4. First-Order Recurrence Relations With Exponential Forcing
59,2007,DSM.6.2.1,Second-Order Homogeneous Recurrence Relations: Characteristic Equations with Distinct Real Roots,vault/MA/Mathematical-Structures-&-Proof/DSM/6. Recursion/6.2. Second-Order Recurrence Relations/Lessons/6.2.1. Second-Order Homogeneous Recurrence Relations- Characteristic Equations with Distinct Real Roots.md,vault/MA/Mathematical-Structures-&-Proof/DSM/6. Recursion/6.2. Second-Order Recurrence Relations/Source/6.2.1. Second-Order Homogeneous Recurrence Relations- Characteristic Equations with Distinct Real Roots
60,1916,DSM.6.2.2,Second-Order Homogeneous Recurrence Relations: Characteristic Equations with Repeated Roots,vault/MA/Mathematical-Structures-&-Proof/DSM/6. Recursion/6.2. Second-Order Recurrence Relations/Lessons/6.2.2. Second-Order Homogeneous Recurrence Relations- Characteristic Equations with Repeated Roots.md,vault/MA/Mathematical-Structures-&-Proof/DSM/6. Recursion/6.2. Second-Order Recurrence Relations/Source/6.2.2. Second-Order Homogeneous Recurrence Relations- Characteristic Equations with Repeated Roots
60,2008,DSM.6.2.3,Second-Order Homogeneous Recurrence Relations: Characteristic Equations with Complex Roots,vault/MA/Mathematical-Structures-&-Proof/DSM/6. Recursion/6.2. Second-Order Recurrence Relations/Lessons/6.2.3. Second-Order Homogeneous Recurrence Relations- Characteristic Equations with Complex Roots.md,vault/MA/Mathematical-Structures-&-Proof/DSM/6. Recursion/6.2. Second-Order Recurrence Relations/Source/6.2.3. Second-Order Homogeneous Recurrence Relations- Characteristic Equations with Complex Roots
61,2011,DSM.6.2.4,Second-Order Recurrence Relations with Polynomial Forcing,vault/MA/Mathematical-Structures-&-Proof/DSM/6. Recursion/6.2. Second-Order Recurrence Relations/Lessons/6.2.4. Second-Order Recurrence Relations with Polynomial Forcing.md,vault/MA/Mathematical-Structures-&-Proof/DSM/6. Recursion/6.2. Second-Order Recurrence Relations/Source/6.2.4. Second-Order Recurrence Relations with Polynomial Forcing
61,2009,DSM.6.2.5,Second-Order Recurrence Relations with Exponential Forcing,vault/MA/Mathematical-Structures-&-Proof/DSM/6. Recursion/6.2. Second-Order Recurrence Relations/Lessons/6.2.5. Second-Order Recurrence Relations with Exponential Forcing.md,vault/MA/Mathematical-Structures-&-Proof/DSM/6. Recursion/6.2. Second-Order Recurrence Relations/Source/6.2.5. Second-Order Recurrence Relations with Exponential Forcing
66,3083,DSM.6.3.1,Generating Functions,vault/MA/Mathematical-Structures-&-Proof/DSM/6. Recursion/6.3. Generating Functions/Lessons/6.3.1. Generating Functions.md,vault/MA/Mathematical-Structures-&-Proof/DSM/6. Recursion/6.3. Generating Functions/Source/6.3.1. Generating Functions
67,3140,DSM.6.3.2,Generating Functions of Homogeneous Recurrence Relations,vault/MA/Mathematical-Structures-&-Proof/DSM/6. Recursion/6.3. Generating Functions/Lessons/6.3.2. Generating Functions of Homogeneous Recurrence Relations.md,vault/MA/Mathematical-Structures-&-Proof/DSM/6. Recursion/6.3. Generating Functions/Source/6.3.2. Generating Functions of Homogeneous Recurrence Relations
69,3722,DSM.6.3.3,Determining the General Term of a Sequence Given Its Generating Function,vault/MA/Mathematical-Structures-&-Proof/DSM/6. Recursion/6.3. Generating Functions/Lessons/6.3.3. Determining the General Term of a Sequence Given Its Generating Function.md,vault/MA/Mathematical-Structures-&-Proof/DSM/6. Recursion/6.3. Generating Functions/Source/6.3.3. Determining the General Term of a Sequence Given Its Generating Function
70,3726,DSM.6.3.4,Solving Homogeneous Recurrence Relations Using Generating Functions,vault/MA/Mathematical-Structures-&-Proof/DSM/6. Recursion/6.3. Generating Functions/Lessons/6.3.4. Solving Homogeneous Recurrence Relations Using Generating Functions.md,vault/MA/Mathematical-Structures-&-Proof/DSM/6. Recursion/6.3. Generating Functions/Source/6.3.4. Solving Homogeneous Recurrence Relations Using Generating Functions
68,3723,DSM.6.3.5,Generating Functions for Inhomogeneous Recurrence Relations,vault/MA/Mathematical-Structures-&-Proof/DSM/6. Recursion/6.3. Generating Functions/Lessons/6.3.5. Generating Functions for Inhomogeneous Recurrence Relations.md,vault/MA/Mathematical-Structures-&-Proof/DSM/6. Recursion/6.3. Generating Functions/Source/6.3.5. Generating Functions for Inhomogeneous Recurrence Relations
74,950,DSM.7.1.1,Introduction to Graphs,vault/MA/Mathematical-Structures-&-Proof/DSM/7. Graph Theory/7.1. Introduction to Graph Theory/Lessons/7.1.1. Introduction to Graphs.md,vault/MA/Mathematical-Structures-&-Proof/DSM/7. Graph Theory/7.1. Introduction to Graph Theory/Source/7.1.1. Introduction to Graphs
75,951,DSM.7.1.2,"Walks, Trails, Paths, and Distances","vault/MA/Mathematical-Structures-&-Proof/DSM/7. Graph Theory/7.1. Introduction to Graph Theory/Lessons/7.1.2. Walks, Trails, Paths, and Distances.md","vault/MA/Mathematical-Structures-&-Proof/DSM/7. Graph Theory/7.1. Introduction to Graph Theory/Source/7.1.2. Walks, Trails, Paths, and Distances"
76,5431,DSM.7.1.3,"Walks, Paths, and Distances in Directed Graphs","vault/MA/Mathematical-Structures-&-Proof/DSM/7. Graph Theory/7.1. Introduction to Graph Theory/Lessons/7.1.3. Walks, Paths, and Distances in Directed Graphs.md","vault/MA/Mathematical-Structures-&-Proof/DSM/7. Graph Theory/7.1. Introduction to Graph Theory/Source/7.1.3. Walks, Paths, and Distances in Directed Graphs"
76,954,DSM.7.1.4,The Degree of a Vertex,vault/MA/Mathematical-Structures-&-Proof/DSM/7. Graph Theory/7.1. Introduction to Graph Theory/Lessons/7.1.4. The Degree of a Vertex.md,vault/MA/Mathematical-Structures-&-Proof/DSM/7. Graph Theory/7.1. Introduction to Graph Theory/Source/7.1.4. The Degree of a Vertex
86,1684,DSM.7.1.5,The Handshaking Lemma,vault/MA/Mathematical-Structures-&-Proof/DSM/7. Graph Theory/7.1. Introduction to Graph Theory/Lessons/7.1.5. The Handshaking Lemma.md,vault/MA/Mathematical-Structures-&-Proof/DSM/7. Graph Theory/7.1. Introduction to Graph Theory/Source/7.1.5. The Handshaking Lemma
77,1260,DSM.7.1.6,Subgraphs and Graph Complements,vault/MA/Mathematical-Structures-&-Proof/DSM/7. Graph Theory/7.1. Introduction to Graph Theory/Lessons/7.1.6. Subgraphs and Graph Complements.md,vault/MA/Mathematical-Structures-&-Proof/DSM/7. Graph Theory/7.1. Introduction to Graph Theory/Source/7.1.6. Subgraphs and Graph Complements
78,5639,DSM.7.1.7,Complete and Bipartite Graphs,vault/MA/Mathematical-Structures-&-Proof/DSM/7. Graph Theory/7.1. Introduction to Graph Theory/Lessons/7.1.7. Complete and Bipartite Graphs.md,vault/MA/Mathematical-Structures-&-Proof/DSM/7. Graph Theory/7.1. Introduction to Graph Theory/Source/7.1.7. Complete and Bipartite Graphs
79,3032,DSM.7.1.8,Regular Graphs,vault/MA/Mathematical-Structures-&-Proof/DSM/7. Graph Theory/7.1. Introduction to Graph Theory/Lessons/7.1.8. Regular Graphs.md,vault/MA/Mathematical-Structures-&-Proof/DSM/7. Graph Theory/7.1. Introduction to Graph Theory/Source/7.1.8. Regular Graphs
86,2754,DSM.7.1.9,Planar Graphs,vault/MA/Mathematical-Structures-&-Proof/DSM/7. Graph Theory/7.1. Introduction to Graph Theory/Lessons/7.1.9. Planar Graphs.md,vault/MA/Mathematical-Structures-&-Proof/DSM/7. Graph Theory/7.1. Introduction to Graph Theory/Source/7.1.9. Planar Graphs
77,1702,DSM.7.2.1,Cycles in Graphs,vault/MA/Mathematical-Structures-&-Proof/DSM/7. Graph Theory/7.2. Connectivity in Graphs/Lessons/7.2.1. Cycles in Graphs.md,vault/MA/Mathematical-Structures-&-Proof/DSM/7. Graph Theory/7.2. Connectivity in Graphs/Source/7.2.1. Cycles in Graphs
78,2756,DSM.7.2.2,Connected Graphs,vault/MA/Mathematical-Structures-&-Proof/DSM/7. Graph Theory/7.2. Connectivity in Graphs/Lessons/7.2.2. Connected Graphs.md,vault/MA/Mathematical-Structures-&-Proof/DSM/7. Graph Theory/7.2. Connectivity in Graphs/Source/7.2.2. Connected Graphs
79,1695,DSM.7.2.3,Cut Vertices and Cut Edges,vault/MA/Mathematical-Structures-&-Proof/DSM/7. Graph Theory/7.2. Connectivity in Graphs/Lessons/7.2.3. Cut Vertices and Cut Edges.md,vault/MA/Mathematical-Structures-&-Proof/DSM/7. Graph Theory/7.2. Connectivity in Graphs/Source/7.2.3. Cut Vertices and Cut Edges
78,5555,DSM.7.2.4,Edge and Vertex Connectivity,vault/MA/Mathematical-Structures-&-Proof/DSM/7. Graph Theory/7.2. Connectivity in Graphs/Lessons/7.2.4. Edge and Vertex Connectivity.md,vault/MA/Mathematical-Structures-&-Proof/DSM/7. Graph Theory/7.2. Connectivity in Graphs/Source/7.2.4. Edge and Vertex Connectivity
78,1284,DSM.7.3.1,Trees and Forests,vault/MA/Mathematical-Structures-&-Proof/DSM/7. Graph Theory/7.3. Trees/Lessons/7.3.1. Trees and Forests.md,vault/MA/Mathematical-Structures-&-Proof/DSM/7. Graph Theory/7.3. Trees/Source/7.3.1. Trees and Forests
79,1714,DSM.7.3.2,Counting Trees,vault/MA/Mathematical-Structures-&-Proof/DSM/7. Graph Theory/7.3. Trees/Lessons/7.3.2. Counting Trees.md,vault/MA/Mathematical-Structures-&-Proof/DSM/7. Graph Theory/7.3. Trees/Source/7.3.2. Counting Trees
77,1673,DSM.7.4.1,Incidence Matrices,vault/MA/Mathematical-Structures-&-Proof/DSM/7. Graph Theory/7.4. Matrix Representations of Graphs/Lessons/7.4.1. Incidence Matrices.md,vault/MA/Mathematical-Structures-&-Proof/DSM/7. Graph Theory/7.4. Matrix Representations of Graphs/Source/7.4.1. Incidence Matrices
77,2757,DSM.7.4.2,Adjacency Matrices,vault/MA/Mathematical-Structures-&-Proof/DSM/7. Graph Theory/7.4. Matrix Representations of Graphs/Lessons/7.4.2. Adjacency Matrices.md,vault/MA/Mathematical-Structures-&-Proof/DSM/7. Graph Theory/7.4. Matrix Representations of Graphs/Source/7.4.2. Adjacency Matrices
78,5415,DSM.7.4.3,Adjacency Matrices of Directed Graphs,vault/MA/Mathematical-Structures-&-Proof/DSM/7. Graph Theory/7.4. Matrix Representations of Graphs/Lessons/7.4.3. Adjacency Matrices of Directed Graphs.md,vault/MA/Mathematical-Structures-&-Proof/DSM/7. Graph Theory/7.4. Matrix Representations of Graphs/Source/7.4.3. Adjacency Matrices of Directed Graphs
77,1392,DSM.7.4.4,Distance Matrices,vault/MA/Mathematical-Structures-&-Proof/DSM/7. Graph Theory/7.4. Matrix Representations of Graphs/Lessons/7.4.4. Distance Matrices.md,vault/MA/Mathematical-Structures-&-Proof/DSM/7. Graph Theory/7.4. Matrix Representations of Graphs/Source/7.4.4. Distance Matrices
82,1296,DSM.7.5.1,Directed Acyclic Graphs,vault/MA/Mathematical-Structures-&-Proof/DSM/7. Graph Theory/7.5. DAGs and Topological Ordering/Lessons/7.5.1. Directed Acyclic Graphs.md,vault/MA/Mathematical-Structures-&-Proof/DSM/7. Graph Theory/7.5. DAGs and Topological Ordering/Source/7.5.1. Directed Acyclic Graphs
89,5432,DSM.7.5.2,Topological Ordering,vault/MA/Mathematical-Structures-&-Proof/DSM/7. Graph Theory/7.5. DAGs and Topological Ordering/Lessons/7.5.2. Topological Ordering.md,vault/MA/Mathematical-Structures-&-Proof/DSM/7. Graph Theory/7.5. DAGs and Topological Ordering/Source/7.5.2. Topological Ordering
90,5551,DSM.7.5.3,Kahn's Algorithm,vault/MA/Mathematical-Structures-&-Proof/DSM/7. Graph Theory/7.5. DAGs and Topological Ordering/Lessons/7.5.3. Kahn's Algorithm.md,vault/MA/Mathematical-Structures-&-Proof/DSM/7. Graph Theory/7.5. DAGs and Topological Ordering/Source/7.5.3. Kahn's Algorithm
79,2893,DSM.7.6.1,Breadth-First Search,vault/MA/Mathematical-Structures-&-Proof/DSM/7. Graph Theory/7.6. Algorithms on Graphs/Lessons/7.6.1. Breadth-First Search.md,vault/MA/Mathematical-Structures-&-Proof/DSM/7. Graph Theory/7.6. Algorithms on Graphs/Source/7.6.1. Breadth-First Search
79,1393,DSM.7.6.2,Kruskal's Algorithm,vault/MA/Mathematical-Structures-&-Proof/DSM/7. Graph Theory/7.6. Algorithms on Graphs/Lessons/7.6.2. Kruskal's Algorithm.md,vault/MA/Mathematical-Structures-&-Proof/DSM/7. Graph Theory/7.6. Algorithms on Graphs/Source/7.6.2. Kruskal's Algorithm
79,1402,DSM.7.6.3,Prim's Algorithm,vault/MA/Mathematical-Structures-&-Proof/DSM/7. Graph Theory/7.6. Algorithms on Graphs/Lessons/7.6.3. Prim's Algorithm.md,vault/MA/Mathematical-Structures-&-Proof/DSM/7. Graph Theory/7.6. Algorithms on Graphs/Source/7.6.3. Prim's Algorithm
80,1416,DSM.7.6.4,Applying Prim's Algorithm to a Distance Matrix,vault/MA/Mathematical-Structures-&-Proof/DSM/7. Graph Theory/7.6. Algorithms on Graphs/Lessons/7.6.4. Applying Prim's Algorithm to a Distance Matrix.md,vault/MA/Mathematical-Structures-&-Proof/DSM/7. Graph Theory/7.6. Algorithms on Graphs/Source/7.6.4. Applying Prim's Algorithm to a Distance Matrix
80,2895,DSM.7.6.5,Shortest Paths in Unweighted Graphs,vault/MA/Mathematical-Structures-&-Proof/DSM/7. Graph Theory/7.6. Algorithms on Graphs/Lessons/7.6.5. Shortest Paths in Unweighted Graphs.md,vault/MA/Mathematical-Structures-&-Proof/DSM/7. Graph Theory/7.6. Algorithms on Graphs/Source/7.6.5. Shortest Paths in Unweighted Graphs
81,2899,DSM.7.6.6,Dijkstra's Algorithm,vault/MA/Mathematical-Structures-&-Proof/DSM/7. Graph Theory/7.6. Algorithms on Graphs/Lessons/7.6.6. Dijkstra's Algorithm.md,vault/MA/Mathematical-Structures-&-Proof/DSM/7. Graph Theory/7.6. Algorithms on Graphs/Source/7.6.6. Dijkstra's Algorithm
77,3795,DSM.8.1.1,Mealy Machines,vault/MA/Mathematical-Structures-&-Proof/DSM/8. The Theory of Algorithms/8.1. Finite-State Transducers/Lessons/8.1.1. Mealy Machines.md,vault/MA/Mathematical-Structures-&-Proof/DSM/8. The Theory of Algorithms/8.1. Finite-State Transducers/Source/8.1.1. Mealy Machines
78,3796,DSM.8.1.2,Moore Machines,vault/MA/Mathematical-Structures-&-Proof/DSM/8. The Theory of Algorithms/8.1. Finite-State Transducers/Lessons/8.1.2. Moore Machines.md,vault/MA/Mathematical-Structures-&-Proof/DSM/8. The Theory of Algorithms/8.1. Finite-State Transducers/Source/8.1.2. Moore Machines
75,3797,DSM.8.2.1,Deterministic Finite Automata,vault/MA/Mathematical-Structures-&-Proof/DSM/8. The Theory of Algorithms/8.2. Finite-State Interceptors/Lessons/8.2.1. Deterministic Finite Automata.md,vault/MA/Mathematical-Structures-&-Proof/DSM/8. The Theory of Algorithms/8.2. Finite-State Interceptors/Source/8.2.1. Deterministic Finite Automata
76,5414,DSM.8.2.2,Processing Strings Using Deterministic Finite Automata,vault/MA/Mathematical-Structures-&-Proof/DSM/8. The Theory of Algorithms/8.2. Finite-State Interceptors/Lessons/8.2.2. Processing Strings Using Deterministic Finite Automata.md,vault/MA/Mathematical-Structures-&-Proof/DSM/8. The Theory of Algorithms/8.2. Finite-State Interceptors/Source/8.2.2. Processing Strings Using Deterministic Finite Automata
79,3798,DSM.8.2.3,Nondeterministic Finite Automata,vault/MA/Mathematical-Structures-&-Proof/DSM/8. The Theory of Algorithms/8.2. Finite-State Interceptors/Lessons/8.2.3. Nondeterministic Finite Automata.md,vault/MA/Mathematical-Structures-&-Proof/DSM/8. The Theory of Algorithms/8.2. Finite-State Interceptors/Source/8.2.3. Nondeterministic Finite Automata
83,3799,DSM.8.2.4,The Language of Automata,vault/MA/Mathematical-Structures-&-Proof/DSM/8. The Theory of Algorithms/8.2. Finite-State Interceptors/Lessons/8.2.4. The Language of Automata.md,vault/MA/Mathematical-Structures-&-Proof/DSM/8. The Theory of Algorithms/8.2. Finite-State Interceptors/Source/8.2.4. The Language of Automata
84,3800,DSM.8.2.5,Regular Expressions,vault/MA/Mathematical-Structures-&-Proof/DSM/8. The Theory of Algorithms/8.2. Finite-State Interceptors/Lessons/8.2.5. Regular Expressions.md,vault/MA/Mathematical-Structures-&-Proof/DSM/8. The Theory of Algorithms/8.2. Finite-State Interceptors/Source/8.2.5. Regular Expressions
78,3802,DSM.8.3.1,Introduction to Turing Machines,vault/MA/Mathematical-Structures-&-Proof/DSM/8. The Theory of Algorithms/8.3. Turing Machines/Lessons/8.3.1. Introduction to Turing Machines.md,vault/MA/Mathematical-Structures-&-Proof/DSM/8. The Theory of Algorithms/8.3. Turing Machines/Source/8.3.1. Introduction to Turing Machines
79,5420,DSM.8.3.2,Processing Strings Using Turing Machines,vault/MA/Mathematical-Structures-&-Proof/DSM/8. The Theory of Algorithms/8.3. Turing Machines/Lessons/8.3.2. Processing Strings Using Turing Machines.md,vault/MA/Mathematical-Structures-&-Proof/DSM/8. The Theory of Algorithms/8.3. Turing Machines/Source/8.3.2. Processing Strings Using Turing Machines
80,3814,DSM.8.3.3,Nondeterministic Turing Machines,vault/MA/Mathematical-Structures-&-Proof/DSM/8. The Theory of Algorithms/8.3. Turing Machines/Lessons/8.3.3. Nondeterministic Turing Machines.md,vault/MA/Mathematical-Structures-&-Proof/DSM/8. The Theory of Algorithms/8.3. Turing Machines/Source/8.3.3. Nondeterministic Turing Machines
71,3803,DSM.8.4.1,Big-O Notation,vault/MA/Mathematical-Structures-&-Proof/DSM/8. The Theory of Algorithms/8.4. Algorithmic Complexity/Lessons/8.4.1. Big-O Notation.md,vault/MA/Mathematical-Structures-&-Proof/DSM/8. The Theory of Algorithms/8.4. Algorithmic Complexity/Source/8.4.1. Big-O Notation
72,3805,DSM.8.4.2,Big-Omega Notation,vault/MA/Mathematical-Structures-&-Proof/DSM/8. The Theory of Algorithms/8.4. Algorithmic Complexity/Lessons/8.4.2. Big-Omega Notation.md,vault/MA/Mathematical-Structures-&-Proof/DSM/8. The Theory of Algorithms/8.4. Algorithmic Complexity/Source/8.4.2. Big-Omega Notation
79,3807,DSM.8.4.3,Big-Theta Notation,vault/MA/Mathematical-Structures-&-Proof/DSM/8. The Theory of Algorithms/8.4. Algorithmic Complexity/Lessons/8.4.3. Big-Theta Notation.md,vault/MA/Mathematical-Structures-&-Proof/DSM/8. The Theory of Algorithms/8.4. Algorithmic Complexity/Source/8.4.3. Big-Theta Notation
57,58,MOP.1.1.1,Statements and Predicates,vault/MA/Mathematical-Structures-&-Proof/MOP/1. Logic/1.1. Statements/Lessons/1.1.1. Statements and Predicates.md,vault/MA/Mathematical-Structures-&-Proof/MOP/1. Logic/1.1. Statements/Source/1.1.1. Statements and Predicates
59,60,MOP.1.1.2,"The ""And"" and ""Or"" Connectives",vault/MA/Mathematical-Structures-&-Proof/MOP/1. Logic/1.1. Statements/Lessons/1.1.2. The -And- and -Or- Connectives.md,vault/MA/Mathematical-Structures-&-Proof/MOP/1. Logic/1.1. Statements/Source/1.1.2. The -And- and -Or- Connectives
60,4252,MOP.1.1.3,Truth Tables,vault/MA/Mathematical-Structures-&-Proof/MOP/1. Logic/1.1. Statements/Lessons/1.1.3. Truth Tables.md,vault/MA/Mathematical-Structures-&-Proof/MOP/1. Logic/1.1. Statements/Source/1.1.3. Truth Tables
62,2790,MOP.1.1.4,"The ""Not"" Connective",vault/MA/Mathematical-Structures-&-Proof/MOP/1. Logic/1.1. Statements/Lessons/1.1.4. The -Not- Connective.md,vault/MA/Mathematical-Structures-&-Proof/MOP/1. Logic/1.1. Statements/Source/1.1.4. The -Not- Connective
63,2821,MOP.1.1.5,Logical Equivalence,vault/MA/Mathematical-Structures-&-Proof/MOP/1. Logic/1.1. Statements/Lessons/1.1.5. Logical Equivalence.md,vault/MA/Mathematical-Structures-&-Proof/MOP/1. Logic/1.1. Statements/Source/1.1.5. Logical Equivalence
64,2830,MOP.1.1.6,Logical Associative and Commutative Laws,vault/MA/Mathematical-Structures-&-Proof/MOP/1. Logic/1.1. Statements/Lessons/1.1.6. Logical Associative and Commutative Laws.md,vault/MA/Mathematical-Structures-&-Proof/MOP/1. Logic/1.1. Statements/Source/1.1.6. Logical Associative and Commutative Laws
66,2822,MOP.1.1.7,The Distributive Laws,vault/MA/Mathematical-Structures-&-Proof/MOP/1. Logic/1.1. Statements/Lessons/1.1.7. The Distributive Laws.md,vault/MA/Mathematical-Structures-&-Proof/MOP/1. Logic/1.1. Statements/Source/1.1.7. The Distributive Laws
65,2823,MOP.1.1.8,The Absorption Laws,vault/MA/Mathematical-Structures-&-Proof/MOP/1. Logic/1.1. Statements/Lessons/1.1.8. The Absorption Laws.md,vault/MA/Mathematical-Structures-&-Proof/MOP/1. Logic/1.1. Statements/Source/1.1.8. The Absorption Laws
65,230,MOP.1.1.9,De Morgan's Laws for Logic,vault/MA/Mathematical-Structures-&-Proof/MOP/1. Logic/1.1. Statements/Lessons/1.1.9. De Morgan's Laws for Logic.md,vault/MA/Mathematical-Structures-&-Proof/MOP/1. Logic/1.1. Statements/Source/1.1.9. De Morgan's Laws for Logic
65,250,MOP.1.2.1,Conditional Statements,vault/MA/Mathematical-Structures-&-Proof/MOP/1. Logic/1.2. Implications and Biconditionals/Lessons/1.2.1. Conditional Statements.md,vault/MA/Mathematical-Structures-&-Proof/MOP/1. Logic/1.2. Implications and Biconditionals/Source/1.2.1. Conditional Statements
66,247,MOP.1.2.2,Logical Equivalence with Conditional Statements,vault/MA/Mathematical-Structures-&-Proof/MOP/1. Logic/1.2. Implications and Biconditionals/Lessons/1.2.2. Logical Equivalence with Conditional Statements.md,vault/MA/Mathematical-Structures-&-Proof/MOP/1. Logic/1.2. Implications and Biconditionals/Source/1.2.2. Logical Equivalence with Conditional Statements
67,248,MOP.1.2.3,Biconditional Statements,vault/MA/Mathematical-Structures-&-Proof/MOP/1. Logic/1.2. Implications and Biconditionals/Lessons/1.2.3. Biconditional Statements.md,vault/MA/Mathematical-Structures-&-Proof/MOP/1. Logic/1.2. Implications and Biconditionals/Source/1.2.3. Biconditional Statements
84,249,MOP.1.2.4,Tautologies and Contradictions,vault/MA/Mathematical-Structures-&-Proof/MOP/1. Logic/1.2. Implications and Biconditionals/Lessons/1.2.4. Tautologies and Contradictions.md,vault/MA/Mathematical-Structures-&-Proof/MOP/1. Logic/1.2. Implications and Biconditionals/Source/1.2.4. Tautologies and Contradictions
79,252,MOP.1.2.5,"Converse, Inverse, and Contrapositive","vault/MA/Mathematical-Structures-&-Proof/MOP/1. Logic/1.2. Implications and Biconditionals/Lessons/1.2.5. Converse, Inverse, and Contrapositive.md","vault/MA/Mathematical-Structures-&-Proof/MOP/1. Logic/1.2. Implications and Biconditionals/Source/1.2.5. Converse, Inverse, and Contrapositive"
66,4254,MOP.1.3.1,Truth Sets of Predicates,vault/MA/Mathematical-Structures-&-Proof/MOP/1. Logic/1.3. Predicates/Lessons/1.3.1. Truth Sets of Predicates.md,vault/MA/Mathematical-Structures-&-Proof/MOP/1. Logic/1.3. Predicates/Source/1.3.1. Truth Sets of Predicates
67,4255,MOP.1.3.2,"The ""And"" and ""Or"" Connectives With Predicates",vault/MA/Mathematical-Structures-&-Proof/MOP/1. Logic/1.3. Predicates/Lessons/1.3.2. The -And- and -Or- Connectives With Predicates.md,vault/MA/Mathematical-Structures-&-Proof/MOP/1. Logic/1.3. Predicates/Source/1.3.2. The -And- and -Or- Connectives With Predicates
67,4256,MOP.1.3.3,"The ""Not"" Connective With Predicates",vault/MA/Mathematical-Structures-&-Proof/MOP/1. Logic/1.3. Predicates/Lessons/1.3.3. The -Not- Connective With Predicates.md,vault/MA/Mathematical-Structures-&-Proof/MOP/1. Logic/1.3. Predicates/Source/1.3.3. The -Not- Connective With Predicates
83,4302,MOP.1.3.4,Simplifying Predicate Expressions Using De Morgan's Laws,vault/MA/Mathematical-Structures-&-Proof/MOP/1. Logic/1.3. Predicates/Lessons/1.3.4. Simplifying Predicate Expressions Using De Morgan's Laws.md,vault/MA/Mathematical-Structures-&-Proof/MOP/1. Logic/1.3. Predicates/Source/1.3.4. Simplifying Predicate Expressions Using De Morgan's Laws
68,4257,MOP.1.3.5,Conditional Statements With Predicates,vault/MA/Mathematical-Structures-&-Proof/MOP/1. Logic/1.3. Predicates/Lessons/1.3.5. Conditional Statements With Predicates.md,vault/MA/Mathematical-Structures-&-Proof/MOP/1. Logic/1.3. Predicates/Source/1.3.5. Conditional Statements With Predicates
82,2793,MOP.1.3.6,Necessary and Sufficient Conditions,vault/MA/Mathematical-Structures-&-Proof/MOP/1. Logic/1.3. Predicates/Lessons/1.3.6. Necessary and Sufficient Conditions.md,vault/MA/Mathematical-Structures-&-Proof/MOP/1. Logic/1.3. Predicates/Source/1.3.6. Necessary and Sufficient Conditions
83,4422,MOP.1.3.7,Grammatical Constructions for Conditional Statements,vault/MA/Mathematical-Structures-&-Proof/MOP/1. Logic/1.3. Predicates/Lessons/1.3.7. Grammatical Constructions for Conditional Statements.md,vault/MA/Mathematical-Structures-&-Proof/MOP/1. Logic/1.3. Predicates/Source/1.3.7. Grammatical Constructions for Conditional Statements
85,251,MOP.1.3.8,Translating Between Logical and Set Operations,vault/MA/Mathematical-Structures-&-Proof/MOP/1. Logic/1.3. Predicates/Lessons/1.3.8. Translating Between Logical and Set Operations.md,vault/MA/Mathematical-Structures-&-Proof/MOP/1. Logic/1.3. Predicates/Source/1.3.8. Translating Between Logical and Set Operations
69,2787,MOP.1.4.1,Universal and Existential Quantifiers,vault/MA/Mathematical-Structures-&-Proof/MOP/1. Logic/1.4. Quantifiers/Lessons/1.4.1. Universal and Existential Quantifiers.md,vault/MA/Mathematical-Structures-&-Proof/MOP/1. Logic/1.4. Quantifiers/Source/1.4.1. Universal and Existential Quantifiers
72,2791,MOP.1.4.2,Negating Quantified Statements,vault/MA/Mathematical-Structures-&-Proof/MOP/1. Logic/1.4. Quantifiers/Lessons/1.4.2. Negating Quantified Statements.md,vault/MA/Mathematical-Structures-&-Proof/MOP/1. Logic/1.4. Quantifiers/Source/1.4.2. Negating Quantified Statements
70,2792,MOP.1.4.3,Nested Quantifiers,vault/MA/Mathematical-Structures-&-Proof/MOP/1. Logic/1.4. Quantifiers/Lessons/1.4.3. Nested Quantifiers.md,vault/MA/Mathematical-Structures-&-Proof/MOP/1. Logic/1.4. Quantifiers/Source/1.4.3. Nested Quantifiers
71,2798,MOP.1.4.4,Formal and Informal Language,vault/MA/Mathematical-Structures-&-Proof/MOP/1. Logic/1.4. Quantifiers/Lessons/1.4.4. Formal and Informal Language.md,vault/MA/Mathematical-Structures-&-Proof/MOP/1. Logic/1.4. Quantifiers/Source/1.4.4. Formal and Informal Language
84,4258,MOP.1.4.5,Negating Statements With Nested Quantifiers,vault/MA/Mathematical-Structures-&-Proof/MOP/1. Logic/1.4. Quantifiers/Lessons/1.4.5. Negating Statements With Nested Quantifiers.md,vault/MA/Mathematical-Structures-&-Proof/MOP/1. Logic/1.4. Quantifiers/Source/1.4.5. Negating Statements With Nested Quantifiers
85,4423,MOP.1.4.6,Prenex Normal Form,vault/MA/Mathematical-Structures-&-Proof/MOP/1. Logic/1.4. Quantifiers/Lessons/1.4.6. Prenex Normal Form.md,vault/MA/Mathematical-Structures-&-Proof/MOP/1. Logic/1.4. Quantifiers/Source/1.4.6. Prenex Normal Form
69,4303,MOP.1.5.1,Implication Elimination and Denying the Consequent,vault/MA/Mathematical-Structures-&-Proof/MOP/1. Logic/1.5. Logical Inference/Lessons/1.5.1. Implication Elimination and Denying the Consequent.md,vault/MA/Mathematical-Structures-&-Proof/MOP/1. Logic/1.5. Logical Inference/Source/1.5.1. Implication Elimination and Denying the Consequent
70,4305,MOP.1.5.2,Disjunctive Syllogism and Transitivity of Implication,vault/MA/Mathematical-Structures-&-Proof/MOP/1. Logic/1.5. Logical Inference/Lessons/1.5.2. Disjunctive Syllogism and Transitivity of Implication.md,vault/MA/Mathematical-Structures-&-Proof/MOP/1. Logic/1.5. Logical Inference/Source/1.5.2. Disjunctive Syllogism and Transitivity of Implication
71,4306,MOP.1.5.3,Additional Rules of Logical Inference,vault/MA/Mathematical-Structures-&-Proof/MOP/1. Logic/1.5. Logical Inference/Lessons/1.5.3. Additional Rules of Logical Inference.md,vault/MA/Mathematical-Structures-&-Proof/MOP/1. Logic/1.5. Logical Inference/Source/1.5.3. Additional Rules of Logical Inference
56,47,MOP.2.1.1,Special Sets,vault/MA/Mathematical-Structures-&-Proof/MOP/2. Set Theory/2.1. Introduction to Set Theory/Lessons/2.1.1. Special Sets.md,vault/MA/Mathematical-Structures-&-Proof/MOP/2. Set Theory/2.1. Introduction to Set Theory/Source/2.1.1. Special Sets
57,1976,MOP.2.1.2,Equivalent Sets,vault/MA/Mathematical-Structures-&-Proof/MOP/2. Set Theory/2.1. Introduction to Set Theory/Lessons/2.1.2. Equivalent Sets.md,vault/MA/Mathematical-Structures-&-Proof/MOP/2. Set Theory/2.1. Introduction to Set Theory/Source/2.1.2. Equivalent Sets
58,46,MOP.2.1.3,The Constructive Definition of a Set,vault/MA/Mathematical-Structures-&-Proof/MOP/2. Set Theory/2.1. Introduction to Set Theory/Lessons/2.1.3. The Constructive Definition of a Set.md,vault/MA/Mathematical-Structures-&-Proof/MOP/2. Set Theory/2.1. Introduction to Set Theory/Source/2.1.3. The Constructive Definition of a Set
59,4425,MOP.2.1.4,The Conditional Definition of a Set,vault/MA/Mathematical-Structures-&-Proof/MOP/2. Set Theory/2.1. Introduction to Set Theory/Lessons/2.1.4. The Conditional Definition of a Set.md,vault/MA/Mathematical-Structures-&-Proof/MOP/2. Set Theory/2.1. Introduction to Set Theory/Source/2.1.4. The Conditional Definition of a Set
60,4393,MOP.2.1.5,Describing Sets Using Set-Builder Notation,vault/MA/Mathematical-Structures-&-Proof/MOP/2. Set Theory/2.1. Introduction to Set Theory/Lessons/2.1.5. Describing Sets Using Set-Builder Notation.md,vault/MA/Mathematical-Structures-&-Proof/MOP/2. Set Theory/2.1. Introduction to Set Theory/Source/2.1.5. Describing Sets Using Set-Builder Notation
65,4392,MOP.2.1.6,Describing Planar Regions Using Set-Builder Notation,vault/MA/Mathematical-Structures-&-Proof/MOP/2. Set Theory/2.1. Introduction to Set Theory/Lessons/2.1.6. Describing Planar Regions Using Set-Builder Notation.md,vault/MA/Mathematical-Structures-&-Proof/MOP/2. Set Theory/2.1. Introduction to Set Theory/Source/2.1.6. Describing Planar Regions Using Set-Builder Notation
61,48,MOP.2.1.7,Cardinality of Finite Sets,vault/MA/Mathematical-Structures-&-Proof/MOP/2. Set Theory/2.1. Introduction to Set Theory/Lessons/2.1.7. Cardinality of Finite Sets.md,vault/MA/Mathematical-Structures-&-Proof/MOP/2. Set Theory/2.1. Introduction to Set Theory/Source/2.1.7. Cardinality of Finite Sets
62,4386,MOP.2.1.8,Infinite Sets,vault/MA/Mathematical-Structures-&-Proof/MOP/2. Set Theory/2.1. Introduction to Set Theory/Lessons/2.1.8. Infinite Sets.md,vault/MA/Mathematical-Structures-&-Proof/MOP/2. Set Theory/2.1. Introduction to Set Theory/Source/2.1.8. Infinite Sets
63,4396,MOP.2.1.9,The Maximum and Minimum of a Set,vault/MA/Mathematical-Structures-&-Proof/MOP/2. Set Theory/2.1. Introduction to Set Theory/Lessons/2.1.9. The Maximum and Minimum of a Set.md,vault/MA/Mathematical-Structures-&-Proof/MOP/2. Set Theory/2.1. Introduction to Set Theory/Source/2.1.9. The Maximum and Minimum of a Set
61,50,MOP.2.2.1,Subsets,vault/MA/Mathematical-Structures-&-Proof/MOP/2. Set Theory/2.2. Subsets/Lessons/2.2.1. Subsets.md,vault/MA/Mathematical-Structures-&-Proof/MOP/2. Set Theory/2.2. Subsets/Source/2.2.1. Subsets
78,51,MOP.2.2.2,Power Sets,vault/MA/Mathematical-Structures-&-Proof/MOP/2. Set Theory/2.2. Subsets/Lessons/2.2.2. Power Sets.md,vault/MA/Mathematical-Structures-&-Proof/MOP/2. Set Theory/2.2. Subsets/Source/2.2.2. Power Sets
77,240,MOP.2.2.3,Partitions of Sets,vault/MA/Mathematical-Structures-&-Proof/MOP/2. Set Theory/2.2. Subsets/Lessons/2.2.3. Partitions of Sets.md,vault/MA/Mathematical-Structures-&-Proof/MOP/2. Set Theory/2.2. Subsets/Source/2.2.3. Partitions of Sets
64,948,MOP.2.2.4,Indicator Functions,vault/MA/Mathematical-Structures-&-Proof/MOP/2. Set Theory/2.2. Subsets/Lessons/2.2.4. Indicator Functions.md,vault/MA/Mathematical-Structures-&-Proof/MOP/2. Set Theory/2.2. Subsets/Source/2.2.4. Indicator Functions
89,4924,MOP.2.2.5,Proving Subset Relations,vault/MA/Mathematical-Structures-&-Proof/MOP/2. Set Theory/2.2. Subsets/Lessons/2.2.5. Proving Subset Relations.md,vault/MA/Mathematical-Structures-&-Proof/MOP/2. Set Theory/2.2. Subsets/Source/2.2.5. Proving Subset Relations
57,2828,MOP.2.3.1,The Difference of Sets,vault/MA/Mathematical-Structures-&-Proof/MOP/2. Set Theory/2.3. Set Operations/Lessons/2.3.1. The Difference of Sets.md,vault/MA/Mathematical-Structures-&-Proof/MOP/2. Set Theory/2.3. Set Operations/Source/2.3.1. The Difference of Sets
56,2829,MOP.2.3.2,Set Complements,vault/MA/Mathematical-Structures-&-Proof/MOP/2. Set Theory/2.3. Set Operations/Lessons/2.3.2. Set Complements.md,vault/MA/Mathematical-Structures-&-Proof/MOP/2. Set Theory/2.3. Set Operations/Source/2.3.2. Set Complements
63,49,MOP.2.3.3,The Cartesian Product,vault/MA/Mathematical-Structures-&-Proof/MOP/2. Set Theory/2.3. Set Operations/Lessons/2.3.3. The Cartesian Product.md,vault/MA/Mathematical-Structures-&-Proof/MOP/2. Set Theory/2.3. Set Operations/Source/2.3.3. The Cartesian Product
64,4387,MOP.2.3.4,Visualizing Cartesian Products,vault/MA/Mathematical-Structures-&-Proof/MOP/2. Set Theory/2.3. Set Operations/Lessons/2.3.4. Visualizing Cartesian Products.md,vault/MA/Mathematical-Structures-&-Proof/MOP/2. Set Theory/2.3. Set Operations/Source/2.3.4. Visualizing Cartesian Products
63,55,MOP.2.3.5,Indexed Sets,vault/MA/Mathematical-Structures-&-Proof/MOP/2. Set Theory/2.3. Set Operations/Lessons/2.3.5. Indexed Sets.md,vault/MA/Mathematical-Structures-&-Proof/MOP/2. Set Theory/2.3. Set Operations/Source/2.3.5. Indexed Sets
66,2789,MOP.2.3.6,Disjoint Sets,vault/MA/Mathematical-Structures-&-Proof/MOP/2. Set Theory/2.3. Set Operations/Lessons/2.3.6. Disjoint Sets.md,vault/MA/Mathematical-Structures-&-Proof/MOP/2. Set Theory/2.3. Set Operations/Source/2.3.6. Disjoint Sets
63,4327,MOP.2.4.1,Elementary Properties of Set Operations,vault/MA/Mathematical-Structures-&-Proof/MOP/2. Set Theory/2.4. Properties of Set Operations/Lessons/2.4.1. Elementary Properties of Set Operations.md,vault/MA/Mathematical-Structures-&-Proof/MOP/2. Set Theory/2.4. Properties of Set Operations/Source/2.4.1. Elementary Properties of Set Operations
90,2806,MOP.2.4.2,Proving Elementary Properties of Set Operations,vault/MA/Mathematical-Structures-&-Proof/MOP/2. Set Theory/2.4. Properties of Set Operations/Lessons/2.4.2. Proving Elementary Properties of Set Operations.md,vault/MA/Mathematical-Structures-&-Proof/MOP/2. Set Theory/2.4. Properties of Set Operations/Source/2.4.2. Proving Elementary Properties of Set Operations
57,2788,MOP.2.4.3,De Morgan's Laws for Sets,vault/MA/Mathematical-Structures-&-Proof/MOP/2. Set Theory/2.4. Properties of Set Operations/Lessons/2.4.3. De Morgan's Laws for Sets.md,vault/MA/Mathematical-Structures-&-Proof/MOP/2. Set Theory/2.4. Properties of Set Operations/Source/2.4.3. De Morgan's Laws for Sets
91,4427,MOP.2.4.4,Proving De Morgan's Laws for Sets,vault/MA/Mathematical-Structures-&-Proof/MOP/2. Set Theory/2.4. Properties of Set Operations/Lessons/2.4.4. Proving De Morgan's Laws for Sets.md,vault/MA/Mathematical-Structures-&-Proof/MOP/2. Set Theory/2.4. Properties of Set Operations/Source/2.4.4. Proving De Morgan's Laws for Sets
64,4430,MOP.2.4.5,Distributive Properties of Set Operations,vault/MA/Mathematical-Structures-&-Proof/MOP/2. Set Theory/2.4. Properties of Set Operations/Lessons/2.4.5. Distributive Properties of Set Operations.md,vault/MA/Mathematical-Structures-&-Proof/MOP/2. Set Theory/2.4. Properties of Set Operations/Source/2.4.5. Distributive Properties of Set Operations
91,4426,MOP.2.4.6,Proving Distributive Properties of Union and Intersection,vault/MA/Mathematical-Structures-&-Proof/MOP/2. Set Theory/2.4. Properties of Set Operations/Lessons/2.4.6. Proving Distributive Properties of Union and Intersection.md,vault/MA/Mathematical-Structures-&-Proof/MOP/2. Set Theory/2.4. Properties of Set Operations/Source/2.4.6. Proving Distributive Properties of Union and Intersection
92,254,MOP.2.4.7,Proving Distributive Properties of the Cartesian Product,vault/MA/Mathematical-Structures-&-Proof/MOP/2. Set Theory/2.4. Properties of Set Operations/Lessons/2.4.7. Proving Distributive Properties of the Cartesian Product.md,vault/MA/Mathematical-Structures-&-Proof/MOP/2. Set Theory/2.4. Properties of Set Operations/Source/2.4.7. Proving Distributive Properties of the Cartesian Product
84,2801,MOP.3.1.1,Direct Proof,vault/MA/Mathematical-Structures-&-Proof/MOP/3. Mathematical Proof/3.1. Introduction to Mathematical Proof/Lessons/3.1.1. Direct Proof.md,vault/MA/Mathematical-Structures-&-Proof/MOP/3. Mathematical Proof/3.1. Introduction to Mathematical Proof/Source/3.1.1. Direct Proof
85,4429,MOP.3.1.2,Proving Parity,vault/MA/Mathematical-Structures-&-Proof/MOP/3. Mathematical Proof/3.1. Introduction to Mathematical Proof/Lessons/3.1.2. Proving Parity.md,vault/MA/Mathematical-Structures-&-Proof/MOP/3. Mathematical Proof/3.1. Introduction to Mathematical Proof/Source/3.1.2. Proving Parity
85,2795,MOP.3.1.3,Proving Divisibility,vault/MA/Mathematical-Structures-&-Proof/MOP/3. Mathematical Proof/3.1. Introduction to Mathematical Proof/Lessons/3.1.3. Proving Divisibility.md,vault/MA/Mathematical-Structures-&-Proof/MOP/3. Mathematical Proof/3.1. Introduction to Mathematical Proof/Source/3.1.3. Proving Divisibility
86,4432,MOP.3.1.4,Proof by Cases,vault/MA/Mathematical-Structures-&-Proof/MOP/3. Mathematical Proof/3.1. Introduction to Mathematical Proof/Lessons/3.1.4. Proof by Cases.md,vault/MA/Mathematical-Structures-&-Proof/MOP/3. Mathematical Proof/3.1. Introduction to Mathematical Proof/Source/3.1.4. Proof by Cases
73,3412,MOP.3.1.5,Disproving Universal Statements,vault/MA/Mathematical-Structures-&-Proof/MOP/3. Mathematical Proof/3.1. Introduction to Mathematical Proof/Lessons/3.1.5. Disproving Universal Statements.md,vault/MA/Mathematical-Structures-&-Proof/MOP/3. Mathematical Proof/3.1. Introduction to Mathematical Proof/Source/3.1.5. Disproving Universal Statements
80,4927,MOP.3.1.6,Disproving Implications,vault/MA/Mathematical-Structures-&-Proof/MOP/3. Mathematical Proof/3.1. Introduction to Mathematical Proof/Lessons/3.1.6. Disproving Implications.md,vault/MA/Mathematical-Structures-&-Proof/MOP/3. Mathematical Proof/3.1. Introduction to Mathematical Proof/Source/3.1.6. Disproving Implications
72,2815,MOP.3.1.7,Trivial and Vacuous Proofs,vault/MA/Mathematical-Structures-&-Proof/MOP/3. Mathematical Proof/3.1. Introduction to Mathematical Proof/Lessons/3.1.7. Trivial and Vacuous Proofs.md,vault/MA/Mathematical-Structures-&-Proof/MOP/3. Mathematical Proof/3.1. Introduction to Mathematical Proof/Source/3.1.7. Trivial and Vacuous Proofs
88,4925,MOP.3.1.8,Proving Biconditional Statements,vault/MA/Mathematical-Structures-&-Proof/MOP/3. Mathematical Proof/3.1. Introduction to Mathematical Proof/Lessons/3.1.8. Proving Biconditional Statements.md,vault/MA/Mathematical-Structures-&-Proof/MOP/3. Mathematical Proof/3.1. Introduction to Mathematical Proof/Source/3.1.8. Proving Biconditional Statements
85,2807,MOP.3.2.1,Proof by Contrapositive,vault/MA/Mathematical-Structures-&-Proof/MOP/3. Mathematical Proof/3.2. Proof by Contrapositive and Contradiction/Lessons/3.2.1. Proof by Contrapositive.md,vault/MA/Mathematical-Structures-&-Proof/MOP/3. Mathematical Proof/3.2. Proof by Contrapositive and Contradiction/Source/3.2.1. Proof by Contrapositive
87,4437,MOP.3.2.2,Proving Parity by Contrapositive,vault/MA/Mathematical-Structures-&-Proof/MOP/3. Mathematical Proof/3.2. Proof by Contrapositive and Contradiction/Lessons/3.2.2. Proving Parity by Contrapositive.md,vault/MA/Mathematical-Structures-&-Proof/MOP/3. Mathematical Proof/3.2. Proof by Contrapositive and Contradiction/Source/3.2.2. Proving Parity by Contrapositive
86,2808,MOP.3.2.3,Proving Divisibility by Contrapositive,vault/MA/Mathematical-Structures-&-Proof/MOP/3. Mathematical Proof/3.2. Proof by Contrapositive and Contradiction/Lessons/3.2.3. Proving Divisibility by Contrapositive.md,vault/MA/Mathematical-Structures-&-Proof/MOP/3. Mathematical Proof/3.2. Proof by Contrapositive and Contradiction/Source/3.2.3. Proving Divisibility by Contrapositive
85,3414,MOP.3.2.4,Proof by Contradiction,vault/MA/Mathematical-Structures-&-Proof/MOP/3. Mathematical Proof/3.2. Proof by Contrapositive and Contradiction/Lessons/3.2.4. Proof by Contradiction.md,vault/MA/Mathematical-Structures-&-Proof/MOP/3. Mathematical Proof/3.2. Proof by Contrapositive and Contradiction/Source/3.2.4. Proof by Contradiction
86,4922,MOP.3.2.5,Proving Irrationality by Contradiction,vault/MA/Mathematical-Structures-&-Proof/MOP/3. Mathematical Proof/3.2. Proof by Contrapositive and Contradiction/Lessons/3.2.5. Proving Irrationality by Contradiction.md,vault/MA/Mathematical-Structures-&-Proof/MOP/3. Mathematical Proof/3.2. Proof by Contrapositive and Contradiction/Source/3.2.5. Proving Irrationality by Contradiction
86,4923,MOP.3.2.6,Proving Properties of Irrationals by Contradiction,vault/MA/Mathematical-Structures-&-Proof/MOP/3. Mathematical Proof/3.2. Proof by Contrapositive and Contradiction/Lessons/3.2.6. Proving Properties of Irrationals by Contradiction.md,vault/MA/Mathematical-Structures-&-Proof/MOP/3. Mathematical Proof/3.2. Proof by Contrapositive and Contradiction/Source/3.2.6. Proving Properties of Irrationals by Contradiction
88,3526,MOP.3.2.7,Proving Divisibility by Contradiction,vault/MA/Mathematical-Structures-&-Proof/MOP/3. Mathematical Proof/3.2. Proof by Contrapositive and Contradiction/Lessons/3.2.7. Proving Divisibility by Contradiction.md,vault/MA/Mathematical-Structures-&-Proof/MOP/3. Mathematical Proof/3.2. Proof by Contrapositive and Contradiction/Source/3.2.7. Proving Divisibility by Contradiction
72,3411,MOP.4.1.1,Parity,vault/MA/Mathematical-Structures-&-Proof/MOP/4. Discrete Mathematics & Number Theory/4.1. Divisibility/Lessons/4.1.1. Parity.md,vault/MA/Mathematical-Structures-&-Proof/MOP/4. Discrete Mathematics & Number Theory/4.1. Divisibility/Source/4.1.1. Parity
73,3080,MOP.4.1.2,Integer Divisibility,vault/MA/Mathematical-Structures-&-Proof/MOP/4. Discrete Mathematics & Number Theory/4.1. Divisibility/Lessons/4.1.2. Integer Divisibility.md,vault/MA/Mathematical-Structures-&-Proof/MOP/4. Discrete Mathematics & Number Theory/4.1. Divisibility/Source/4.1.2. Integer Divisibility
74,2689,MOP.4.1.3,The Division Algorithm,vault/MA/Mathematical-Structures-&-Proof/MOP/4. Discrete Mathematics & Number Theory/4.1. Divisibility/Lessons/4.1.3. The Division Algorithm.md,vault/MA/Mathematical-Structures-&-Proof/MOP/4. Discrete Mathematics & Number Theory/4.1. Divisibility/Source/4.1.3. The Division Algorithm
77,2676,MOP.4.1.4,The Euclidean Algorithm,vault/MA/Mathematical-Structures-&-Proof/MOP/4. Discrete Mathematics & Number Theory/4.1. Divisibility/Lessons/4.1.4. The Euclidean Algorithm.md,vault/MA/Mathematical-Structures-&-Proof/MOP/4. Discrete Mathematics & Number Theory/4.1. Divisibility/Source/4.1.4. The Euclidean Algorithm
78,2677,MOP.4.1.5,The Extended Euclidean Algorithm,vault/MA/Mathematical-Structures-&-Proof/MOP/4. Discrete Mathematics & Number Theory/4.1. Divisibility/Lessons/4.1.5. The Extended Euclidean Algorithm.md,vault/MA/Mathematical-Structures-&-Proof/MOP/4. Discrete Mathematics & Number Theory/4.1. Divisibility/Source/4.1.5. The Extended Euclidean Algorithm
79,3082,MOP.4.1.6,Linear Diophantine Equations,vault/MA/Mathematical-Structures-&-Proof/MOP/4. Discrete Mathematics & Number Theory/4.1. Divisibility/Lessons/4.1.6. Linear Diophantine Equations.md,vault/MA/Mathematical-Structures-&-Proof/MOP/4. Discrete Mathematics & Number Theory/4.1. Divisibility/Source/4.1.6. Linear Diophantine Equations
81,4433,MOP.4.1.7,Properties of Integer Divisibility,vault/MA/Mathematical-Structures-&-Proof/MOP/4. Discrete Mathematics & Number Theory/4.1. Divisibility/Lessons/4.1.7. Properties of Integer Divisibility.md,vault/MA/Mathematical-Structures-&-Proof/MOP/4. Discrete Mathematics & Number Theory/4.1. Divisibility/Source/4.1.7. Properties of Integer Divisibility
83,4928,MOP.4.1.8,Properties of Prime Divisibility,vault/MA/Mathematical-Structures-&-Proof/MOP/4. Discrete Mathematics & Number Theory/4.1. Divisibility/Lessons/4.1.8. Properties of Prime Divisibility.md,vault/MA/Mathematical-Structures-&-Proof/MOP/4. Discrete Mathematics & Number Theory/4.1. Divisibility/Source/4.1.8. Properties of Prime Divisibility
70,642,MOP.4.2.1,Mathematical Induction,vault/MA/Mathematical-Structures-&-Proof/MOP/4. Discrete Mathematics & Number Theory/4.2. Proof by Induction/Lessons/4.2.1. Mathematical Induction.md,vault/MA/Mathematical-Structures-&-Proof/MOP/4. Discrete Mathematics & Number Theory/4.2. Proof by Induction/Source/4.2.1. Mathematical Induction
71,927,MOP.4.2.2,Proving Inequalities Using Induction,vault/MA/Mathematical-Structures-&-Proof/MOP/4. Discrete Mathematics & Number Theory/4.2. Proof by Induction/Lessons/4.2.2. Proving Inequalities Using Induction.md,vault/MA/Mathematical-Structures-&-Proof/MOP/4. Discrete Mathematics & Number Theory/4.2. Proof by Induction/Source/4.2.2. Proving Inequalities Using Induction
71,646,MOP.4.2.3,Proving Divisibility Using Induction,vault/MA/Mathematical-Structures-&-Proof/MOP/4. Discrete Mathematics & Number Theory/4.2. Proof by Induction/Lessons/4.2.3. Proving Divisibility Using Induction.md,vault/MA/Mathematical-Structures-&-Proof/MOP/4. Discrete Mathematics & Number Theory/4.2. Proof by Induction/Source/4.2.3. Proving Divisibility Using Induction
76,781,MOP.4.2.4,Proving Matrix Identities Using Induction,vault/MA/Mathematical-Structures-&-Proof/MOP/4. Discrete Mathematics & Number Theory/4.2. Proof by Induction/Lessons/4.2.4. Proving Matrix Identities Using Induction.md,vault/MA/Mathematical-Structures-&-Proof/MOP/4. Discrete Mathematics & Number Theory/4.2. Proof by Induction/Source/4.2.4. Proving Matrix Identities Using Induction
71,712,MOP.4.2.5,Strong Induction and Recurrence Relations,vault/MA/Mathematical-Structures-&-Proof/MOP/4. Discrete Mathematics & Number Theory/4.2. Proof by Induction/Lessons/4.2.5. Strong Induction and Recurrence Relations.md,vault/MA/Mathematical-Structures-&-Proof/MOP/4. Discrete Mathematics & Number Theory/4.2. Proof by Induction/Source/4.2.5. Strong Induction and Recurrence Relations
72,4342,MOP.5.1.1,The Limit of a Null Sequence,vault/MA/Mathematical-Structures-&-Proof/MOP/5. Sequences & Functions/5.1. Sequences/Lessons/5.1.1. The Limit of a Null Sequence.md,vault/MA/Mathematical-Structures-&-Proof/MOP/5. Sequences & Functions/5.1. Sequences/Source/5.1.1. The Limit of a Null Sequence
73,4376,MOP.5.1.2,Proving the Limit of a Null Sequence,vault/MA/Mathematical-Structures-&-Proof/MOP/5. Sequences & Functions/5.1. Sequences/Lessons/5.1.2. Proving the Limit of a Null Sequence.md,vault/MA/Mathematical-Structures-&-Proof/MOP/5. Sequences & Functions/5.1. Sequences/Source/5.1.2. Proving the Limit of a Null Sequence
74,4343,MOP.5.1.3,Proving the Finite Limit of a Sequence,vault/MA/Mathematical-Structures-&-Proof/MOP/5. Sequences & Functions/5.1. Sequences/Lessons/5.1.3. Proving the Finite Limit of a Sequence.md,vault/MA/Mathematical-Structures-&-Proof/MOP/5. Sequences & Functions/5.1. Sequences/Source/5.1.3. Proving the Finite Limit of a Sequence
72,4344,MOP.5.1.4,Infinite Limits of Sequences,vault/MA/Mathematical-Structures-&-Proof/MOP/5. Sequences & Functions/5.1. Sequences/Lessons/5.1.4. Infinite Limits of Sequences.md,vault/MA/Mathematical-Structures-&-Proof/MOP/5. Sequences & Functions/5.1. Sequences/Source/5.1.4. Infinite Limits of Sequences
73,4399,MOP.5.1.5,Proving a Sequence Has an Infinite Limit,vault/MA/Mathematical-Structures-&-Proof/MOP/5. Sequences & Functions/5.1. Sequences/Lessons/5.1.5. Proving a Sequence Has an Infinite Limit.md,vault/MA/Mathematical-Structures-&-Proof/MOP/5. Sequences & Functions/5.1. Sequences/Source/5.1.5. Proving a Sequence Has an Infinite Limit
63,3334,MOP.5.2.1,Sets and Functions,vault/MA/Mathematical-Structures-&-Proof/MOP/5. Sequences & Functions/5.2. Functions/Lessons/5.2.1. Sets and Functions.md,vault/MA/Mathematical-Structures-&-Proof/MOP/5. Sequences & Functions/5.2. Functions/Source/5.2.1. Sets and Functions
72,2678,MOP.5.2.2,Injections,vault/MA/Mathematical-Structures-&-Proof/MOP/5. Sequences & Functions/5.2. Functions/Lessons/5.2.2. Injections.md,vault/MA/Mathematical-Structures-&-Proof/MOP/5. Sequences & Functions/5.2. Functions/Source/5.2.2. Injections
86,3421,MOP.5.2.3,Proving Injectivity,vault/MA/Mathematical-Structures-&-Proof/MOP/5. Sequences & Functions/5.2. Functions/Lessons/5.2.3. Proving Injectivity.md,vault/MA/Mathematical-Structures-&-Proof/MOP/5. Sequences & Functions/5.2. Functions/Source/5.2.3. Proving Injectivity
72,2627,MOP.5.2.4,Surjections,vault/MA/Mathematical-Structures-&-Proof/MOP/5. Sequences & Functions/5.2. Functions/Lessons/5.2.4. Surjections.md,vault/MA/Mathematical-Structures-&-Proof/MOP/5. Sequences & Functions/5.2. Functions/Source/5.2.4. Surjections
73,3027,MOP.5.2.5,Into Functions,vault/MA/Mathematical-Structures-&-Proof/MOP/5. Sequences & Functions/5.2. Functions/Lessons/5.2.5. Into Functions.md,vault/MA/Mathematical-Structures-&-Proof/MOP/5. Sequences & Functions/5.2. Functions/Source/5.2.5. Into Functions
85,3422,MOP.5.2.6,Proving Surjectivity,vault/MA/Mathematical-Structures-&-Proof/MOP/5. Sequences & Functions/5.2. Functions/Lessons/5.2.6. Proving Surjectivity.md,vault/MA/Mathematical-Structures-&-Proof/MOP/5. Sequences & Functions/5.2. Functions/Source/5.2.6. Proving Surjectivity
73,2679,MOP.5.2.7,Bijections,vault/MA/Mathematical-Structures-&-Proof/MOP/5. Sequences & Functions/5.2. Functions/Lessons/5.2.7. Bijections.md,vault/MA/Mathematical-Structures-&-Proof/MOP/5. Sequences & Functions/5.2. Functions/Source/5.2.7. Bijections
63,290,MOP.5.2.8,The Floor and Ceiling Functions,vault/MA/Mathematical-Structures-&-Proof/MOP/5. Sequences & Functions/5.2. Functions/Lessons/5.2.8. The Floor and Ceiling Functions.md,vault/MA/Mathematical-Structures-&-Proof/MOP/5. Sequences & Functions/5.2. Functions/Source/5.2.8. The Floor and Ceiling Functions
74,3424,MOP.5.3.1,Discrete Infinite Sets With Equal Cardinality,vault/MA/Mathematical-Structures-&-Proof/MOP/5. Sequences & Functions/5.3. Cardinality/Lessons/5.3.1. Discrete Infinite Sets With Equal Cardinality.md,vault/MA/Mathematical-Structures-&-Proof/MOP/5. Sequences & Functions/5.3. Cardinality/Source/5.3.1. Discrete Infinite Sets With Equal Cardinality
75,4860,MOP.5.3.2,Continuous Infinite Sets With Equal Cardinality,vault/MA/Mathematical-Structures-&-Proof/MOP/5. Sequences & Functions/5.3. Cardinality/Lessons/5.3.2. Continuous Infinite Sets With Equal Cardinality.md,vault/MA/Mathematical-Structures-&-Proof/MOP/5. Sequences & Functions/5.3. Cardinality/Source/5.3.2. Continuous Infinite Sets With Equal Cardinality
75,4394,MOP.5.3.3,"Cardinality of the Natural Numbers, Integers, and Rationals","vault/MA/Mathematical-Structures-&-Proof/MOP/5. Sequences & Functions/5.3. Cardinality/Lessons/5.3.3. Cardinality of the Natural Numbers, Integers, and Rationals.md","vault/MA/Mathematical-Structures-&-Proof/MOP/5. Sequences & Functions/5.3. Cardinality/Source/5.3.3. Cardinality of the Natural Numbers, Integers, and Rationals"
86,3425,MOP.5.3.4,Cantor's Diagonal Argument,vault/MA/Mathematical-Structures-&-Proof/MOP/5. Sequences & Functions/5.3. Cardinality/Lessons/5.3.4. Cantor's Diagonal Argument.md,vault/MA/Mathematical-Structures-&-Proof/MOP/5. Sequences & Functions/5.3. Cardinality/Source/5.3.4. Cantor's Diagonal Argument
87,3426,MOP.5.3.5,The Cantor-Bernstein-Schröder Theorem,vault/MA/Mathematical-Structures-&-Proof/MOP/5. Sequences & Functions/5.3. Cardinality/Lessons/5.3.5. The Cantor-Bernstein-Schröder Theorem.md,vault/MA/Mathematical-Structures-&-Proof/MOP/5. Sequences & Functions/5.3. Cardinality/Source/5.3.5. The Cantor-Bernstein-Schröder Theorem
88,4424,MOP.5.3.6,The Cardinality of the Power Set of Natural Numbers,vault/MA/Mathematical-Structures-&-Proof/MOP/5. Sequences & Functions/5.3. Cardinality/Lessons/5.3.6. The Cardinality of the Power Set of Natural Numbers.md,vault/MA/Mathematical-Structures-&-Proof/MOP/5. Sequences & Functions/5.3. Cardinality/Source/5.3.6. The Cardinality of the Power Set of Natural Numbers
89,3428,MOP.5.3.7,Cantor's Theorem,vault/MA/Mathematical-Structures-&-Proof/MOP/5. Sequences & Functions/5.3. Cardinality/Lessons/5.3.7. Cantor's Theorem.md,vault/MA/Mathematical-Structures-&-Proof/MOP/5. Sequences & Functions/5.3. Cardinality/Source/5.3.7. Cantor's Theorem
75,2641,MOP.6.1.1,Modular Congruence,vault/MA/Mathematical-Structures-&-Proof/MOP/6. Congruence of Integers/6.1. Modular Congruence/Lessons/6.1.1. Modular Congruence.md,vault/MA/Mathematical-Structures-&-Proof/MOP/6. Congruence of Integers/6.1. Modular Congruence/Source/6.1.1. Modular Congruence
76,2673,MOP.6.1.2,The Addition Property of Modular Arithmetic,vault/MA/Mathematical-Structures-&-Proof/MOP/6. Congruence of Integers/6.1. Modular Congruence/Lessons/6.1.2. The Addition Property of Modular Arithmetic.md,vault/MA/Mathematical-Structures-&-Proof/MOP/6. Congruence of Integers/6.1. Modular Congruence/Source/6.1.2. The Addition Property of Modular Arithmetic
77,2786,MOP.6.1.3,Modular Residues,vault/MA/Mathematical-Structures-&-Proof/MOP/6. Congruence of Integers/6.1. Modular Congruence/Lessons/6.1.3. Modular Residues.md,vault/MA/Mathematical-Structures-&-Proof/MOP/6. Congruence of Integers/6.1. Modular Congruence/Source/6.1.3. Modular Residues
78,2674,MOP.6.1.4,The Multiplication Properties of Modular Arithmetic,vault/MA/Mathematical-Structures-&-Proof/MOP/6. Congruence of Integers/6.1. Modular Congruence/Lessons/6.1.4. The Multiplication Properties of Modular Arithmetic.md,vault/MA/Mathematical-Structures-&-Proof/MOP/6. Congruence of Integers/6.1. Modular Congruence/Source/6.1.4. The Multiplication Properties of Modular Arithmetic
79,2675,MOP.6.1.5,The Division Properties of Modular Arithmetic,vault/MA/Mathematical-Structures-&-Proof/MOP/6. Congruence of Integers/6.1. Modular Congruence/Lessons/6.1.5. The Division Properties of Modular Arithmetic.md,vault/MA/Mathematical-Structures-&-Proof/MOP/6. Congruence of Integers/6.1. Modular Congruence/Source/6.1.5. The Division Properties of Modular Arithmetic
86,253,MOP.6.1.6,Proving Properties of Modular Congruence,vault/MA/Mathematical-Structures-&-Proof/MOP/6. Congruence of Integers/6.1. Modular Congruence/Lessons/6.1.6. Proving Properties of Modular Congruence.md,vault/MA/Mathematical-Structures-&-Proof/MOP/6. Congruence of Integers/6.1. Modular Congruence/Source/6.1.6. Proving Properties of Modular Congruence
87,4435,MOP.6.1.7,Proving Divisibility Using Congruence,vault/MA/Mathematical-Structures-&-Proof/MOP/6. Congruence of Integers/6.1. Modular Congruence/Lessons/6.1.7. Proving Divisibility Using Congruence.md,vault/MA/Mathematical-Structures-&-Proof/MOP/6. Congruence of Integers/6.1. Modular Congruence/Source/6.1.7. Proving Divisibility Using Congruence
87,2799,MOP.6.1.8,Proving Congruence by Contrapositive,vault/MA/Mathematical-Structures-&-Proof/MOP/6. Congruence of Integers/6.1. Modular Congruence/Lessons/6.1.8. Proving Congruence by Contrapositive.md,vault/MA/Mathematical-Structures-&-Proof/MOP/6. Congruence of Integers/6.1. Modular Congruence/Source/6.1.8. Proving Congruence by Contrapositive
78,2735,MOP.6.2.1,Additive Inverses Modulo N,vault/MA/Mathematical-Structures-&-Proof/MOP/6. Congruence of Integers/6.2. Linear Congruences/Lessons/6.2.1. Additive Inverses Modulo N.md,vault/MA/Mathematical-Structures-&-Proof/MOP/6. Congruence of Integers/6.2. Linear Congruences/Source/6.2.1. Additive Inverses Modulo N
79,4818,MOP.6.2.2,Multiplicative Inverses Modulo N,vault/MA/Mathematical-Structures-&-Proof/MOP/6. Congruence of Integers/6.2. Linear Congruences/Lessons/6.2.2. Multiplicative Inverses Modulo N.md,vault/MA/Mathematical-Structures-&-Proof/MOP/6. Congruence of Integers/6.2. Linear Congruences/Source/6.2.2. Multiplicative Inverses Modulo N
80,4839,MOP.6.2.3,Solving Linear Congruences,vault/MA/Mathematical-Structures-&-Proof/MOP/6. Congruence of Integers/6.2. Linear Congruences/Lessons/6.2.3. Solving Linear Congruences.md,vault/MA/Mathematical-Structures-&-Proof/MOP/6. Congruence of Integers/6.2. Linear Congruences/Source/6.2.3. Solving Linear Congruences
81,2737,MOP.6.2.4,Solving Advanced Linear Congruences,vault/MA/Mathematical-Structures-&-Proof/MOP/6. Congruence of Integers/6.2. Linear Congruences/Lessons/6.2.4. Solving Advanced Linear Congruences.md,vault/MA/Mathematical-Structures-&-Proof/MOP/6. Congruence of Integers/6.2. Linear Congruences/Source/6.2.4. Solving Advanced Linear Congruences
82,2809,MOP.6.2.5,The Chinese Remainder Theorem,vault/MA/Mathematical-Structures-&-Proof/MOP/6. Congruence of Integers/6.2. Linear Congruences/Lessons/6.2.5. The Chinese Remainder Theorem.md,vault/MA/Mathematical-Structures-&-Proof/MOP/6. Congruence of Integers/6.2. Linear Congruences/Source/6.2.5. The Chinese Remainder Theorem
87,4941,MOP.6.2.6,Proving Properties of Linear Congruences,vault/MA/Mathematical-Structures-&-Proof/MOP/6. Congruence of Integers/6.2. Linear Congruences/Lessons/6.2.6. Proving Properties of Linear Congruences.md,vault/MA/Mathematical-Structures-&-Proof/MOP/6. Congruence of Integers/6.2. Linear Congruences/Source/6.2.6. Proving Properties of Linear Congruences
76,2817,MOP.7.1.1,Relations on Finite Sets,vault/MA/Mathematical-Structures-&-Proof/MOP/7. Equivalence Relations/7.1. Relations/Lessons/7.1.1. Relations on Finite Sets.md,vault/MA/Mathematical-Structures-&-Proof/MOP/7. Equivalence Relations/7.1. Relations/Source/7.1.1. Relations on Finite Sets
77,4826,MOP.7.1.2,Relations on Infinite Sets,vault/MA/Mathematical-Structures-&-Proof/MOP/7. Equivalence Relations/7.1. Relations/Lessons/7.1.2. Relations on Infinite Sets.md,vault/MA/Mathematical-Structures-&-Proof/MOP/7. Equivalence Relations/7.1. Relations/Source/7.1.2. Relations on Infinite Sets
78,4819,MOP.7.1.3,The Domain and Range of a Relation,vault/MA/Mathematical-Structures-&-Proof/MOP/7. Equivalence Relations/7.1. Relations/Lessons/7.1.3. The Domain and Range of a Relation.md,vault/MA/Mathematical-Structures-&-Proof/MOP/7. Equivalence Relations/7.1. Relations/Source/7.1.3. The Domain and Range of a Relation
79,4837,MOP.7.1.4,Graphical Representations of Relations,vault/MA/Mathematical-Structures-&-Proof/MOP/7. Equivalence Relations/7.1. Relations/Lessons/7.1.4. Graphical Representations of Relations.md,vault/MA/Mathematical-Structures-&-Proof/MOP/7. Equivalence Relations/7.1. Relations/Source/7.1.4. Graphical Representations of Relations
80,4832,MOP.7.1.5,Operations on Relations,vault/MA/Mathematical-Structures-&-Proof/MOP/7. Equivalence Relations/7.1. Relations/Lessons/7.1.5. Operations on Relations.md,vault/MA/Mathematical-Structures-&-Proof/MOP/7. Equivalence Relations/7.1. Relations/Source/7.1.5. Operations on Relations
79,4824,MOP.7.1.6,N-ary Relations,vault/MA/Mathematical-Structures-&-Proof/MOP/7. Equivalence Relations/7.1. Relations/Lessons/7.1.6. N-ary Relations.md,vault/MA/Mathematical-Structures-&-Proof/MOP/7. Equivalence Relations/7.1. Relations/Source/7.1.6. N-ary Relations
80,4825,MOP.7.1.7,Functional Relations,vault/MA/Mathematical-Structures-&-Proof/MOP/7. Equivalence Relations/7.1. Relations/Lessons/7.1.7. Functional Relations.md,vault/MA/Mathematical-Structures-&-Proof/MOP/7. Equivalence Relations/7.1. Relations/Source/7.1.7. Functional Relations
80,4820,MOP.7.2.1,Reflexive and Irreflexive Relations,vault/MA/Mathematical-Structures-&-Proof/MOP/7. Equivalence Relations/7.2. Equivalence Relations/Lessons/7.2.1. Reflexive and Irreflexive Relations.md,vault/MA/Mathematical-Structures-&-Proof/MOP/7. Equivalence Relations/7.2. Equivalence Relations/Source/7.2.1. Reflexive and Irreflexive Relations
80,4821,MOP.7.2.2,Symmetric and Antisymmetric Relations,vault/MA/Mathematical-Structures-&-Proof/MOP/7. Equivalence Relations/7.2. Equivalence Relations/Lessons/7.2.2. Symmetric and Antisymmetric Relations.md,vault/MA/Mathematical-Structures-&-Proof/MOP/7. Equivalence Relations/7.2. Equivalence Relations/Source/7.2.2. Symmetric and Antisymmetric Relations
81,4822,MOP.7.2.3,Transitive Relations,vault/MA/Mathematical-Structures-&-Proof/MOP/7. Equivalence Relations/7.2. Equivalence Relations/Lessons/7.2.3. Transitive Relations.md,vault/MA/Mathematical-Structures-&-Proof/MOP/7. Equivalence Relations/7.2. Equivalence Relations/Source/7.2.3. Transitive Relations
84,2622,MOP.7.2.4,Equivalence Relations,vault/MA/Mathematical-Structures-&-Proof/MOP/7. Equivalence Relations/7.2. Equivalence Relations/Lessons/7.2.4. Equivalence Relations.md,vault/MA/Mathematical-Structures-&-Proof/MOP/7. Equivalence Relations/7.2. Equivalence Relations/Source/7.2.4. Equivalence Relations
85,4942,MOP.7.2.5,Proving a Relation Is an Equivalence Relation,vault/MA/Mathematical-Structures-&-Proof/MOP/7. Equivalence Relations/7.2. Equivalence Relations/Lessons/7.2.5. Proving a Relation Is an Equivalence Relation.md,vault/MA/Mathematical-Structures-&-Proof/MOP/7. Equivalence Relations/7.2. Equivalence Relations/Source/7.2.5. Proving a Relation Is an Equivalence Relation
78,2655,MOP.7.2.6,Residue Classes,vault/MA/Mathematical-Structures-&-Proof/MOP/7. Equivalence Relations/7.2. Equivalence Relations/Lessons/7.2.6. Residue Classes.md,vault/MA/Mathematical-Structures-&-Proof/MOP/7. Equivalence Relations/7.2. Equivalence Relations/Source/7.2.6. Residue Classes
85,2642,MOP.7.2.7,Equivalence Classes,vault/MA/Mathematical-Structures-&-Proof/MOP/7. Equivalence Relations/7.2. Equivalence Relations/Lessons/7.2.7. Equivalence Classes.md,vault/MA/Mathematical-Structures-&-Proof/MOP/7. Equivalence Relations/7.2. Equivalence Relations/Source/7.2.7. Equivalence Classes
79,4823,MOP.7.2.8,The Integers Modulo N,vault/MA/Mathematical-Structures-&-Proof/MOP/7. Equivalence Relations/7.2. Equivalence Relations/Lessons/7.2.8. The Integers Modulo N.md,vault/MA/Mathematical-Structures-&-Proof/MOP/7. Equivalence Relations/7.2. Equivalence Relations/Source/7.2.8. The Integers Modulo N
