topic-id,topic-name,layer,courses,topic-codes,lesson-paths,source-paths
3363,Binary Integers,32,DSM,DSM.3.1.1,vault/MA/Mathematical-Structures-&-Proof/DSM/3. Number Theory/3.1. Numbers in Different Bases/Lessons/3.1.1. Binary Integers.md,vault/MA/Mathematical-Structures-&-Proof/DSM/3. Number Theory/3.1. Numbers in Different Bases/Source/3.1.1. Binary Integers
3362,Adding and Subtracting Binary Integers,33,DSM,DSM.3.1.2,vault/MA/Mathematical-Structures-&-Proof/DSM/3. Number Theory/3.1. Numbers in Different Bases/Lessons/3.1.2. Adding and Subtracting Binary Integers.md,vault/MA/Mathematical-Structures-&-Proof/DSM/3. Number Theory/3.1. Numbers in Different Bases/Source/3.1.2. Adding and Subtracting Binary Integers
3760,Multiplying and Dividing Binary Integers,34,DSM,DSM.3.1.3,vault/MA/Mathematical-Structures-&-Proof/DSM/3. Number Theory/3.1. Numbers in Different Bases/Lessons/3.1.3. Multiplying and Dividing Binary Integers.md,vault/MA/Mathematical-Structures-&-Proof/DSM/3. Number Theory/3.1. Numbers in Different Bases/Source/3.1.3. Multiplying and Dividing Binary Integers
3136,Binary Fractions,35,DSM,DSM.3.1.4,vault/MA/Mathematical-Structures-&-Proof/DSM/3. Number Theory/3.1. Numbers in Different Bases/Lessons/3.1.4. Binary Fractions.md,vault/MA/Mathematical-Structures-&-Proof/DSM/3. Number Theory/3.1. Numbers in Different Bases/Source/3.1.4. Binary Fractions
2986,Partitions,52,DSM,DSM.4.10.6,vault/MA/Mathematical-Structures-&-Proof/DSM/4. Probability & Combinatorics/4.10. Combinatorics/Lessons/4.10.6. Partitions.md,vault/MA/Mathematical-Structures-&-Proof/DSM/4. Probability & Combinatorics/4.10. Combinatorics/Source/4.10.6. Partitions
47,Special Sets,56,MOP,MOP.2.1.1,vault/MA/Mathematical-Structures-&-Proof/MOP/2. Set Theory/2.1. Introduction to Set Theory/Lessons/2.1.1. Special Sets.md,vault/MA/Mathematical-Structures-&-Proof/MOP/2. Set Theory/2.1. Introduction to Set Theory/Source/2.1.1. Special Sets
2829,Set Complements,56,MOP,MOP.2.3.2,vault/MA/Mathematical-Structures-&-Proof/MOP/2. Set Theory/2.3. Set Operations/Lessons/2.3.2. Set Complements.md,vault/MA/Mathematical-Structures-&-Proof/MOP/2. Set Theory/2.3. Set Operations/Source/2.3.2. Set Complements
58,Statements and Predicates,57,MOP,MOP.1.1.1,vault/MA/Mathematical-Structures-&-Proof/MOP/1. Logic/1.1. Statements/Lessons/1.1.1. Statements and Predicates.md,vault/MA/Mathematical-Structures-&-Proof/MOP/1. Logic/1.1. Statements/Source/1.1.1. Statements and Predicates
1976,Equivalent Sets,57,MOP,MOP.2.1.2,vault/MA/Mathematical-Structures-&-Proof/MOP/2. Set Theory/2.1. Introduction to Set Theory/Lessons/2.1.2. Equivalent Sets.md,vault/MA/Mathematical-Structures-&-Proof/MOP/2. Set Theory/2.1. Introduction to Set Theory/Source/2.1.2. Equivalent Sets
2788,De Morgan's Laws for Sets,57,MOP,MOP.2.4.3,vault/MA/Mathematical-Structures-&-Proof/MOP/2. Set Theory/2.4. Properties of Set Operations/Lessons/2.4.3. De Morgan's Laws for Sets.md,vault/MA/Mathematical-Structures-&-Proof/MOP/2. Set Theory/2.4. Properties of Set Operations/Source/2.4.3. De Morgan's Laws for Sets
2828,The Difference of Sets,57,MOP,MOP.2.3.1,vault/MA/Mathematical-Structures-&-Proof/MOP/2. Set Theory/2.3. Set Operations/Lessons/2.3.1. The Difference of Sets.md,vault/MA/Mathematical-Structures-&-Proof/MOP/2. Set Theory/2.3. Set Operations/Source/2.3.1. The Difference of Sets
46,The Constructive Definition of a Set,58,MOP,MOP.2.1.3,vault/MA/Mathematical-Structures-&-Proof/MOP/2. Set Theory/2.1. Introduction to Set Theory/Lessons/2.1.3. The Constructive Definition of a Set.md,vault/MA/Mathematical-Structures-&-Proof/MOP/2. Set Theory/2.1. Introduction to Set Theory/Source/2.1.3. The Constructive Definition of a Set
148,Systems of Equations as Augmented Matrices,58,DSM,DSM.1.1.1,vault/MA/Mathematical-Structures-&-Proof/DSM/1. Preliminaries/1.1. Matrices/Lessons/1.1.1. Systems of Equations as Augmented Matrices.md,vault/MA/Mathematical-Structures-&-Proof/DSM/1. Preliminaries/1.1. Matrices/Source/1.1.1. Systems of Equations as Augmented Matrices
1989,Introduction to Recurrence Relations,58,DSM,DSM.6.1.1,vault/MA/Mathematical-Structures-&-Proof/DSM/6. Recursion/6.1. Recurrence Relations/Lessons/6.1.1. Introduction to Recurrence Relations.md,vault/MA/Mathematical-Structures-&-Proof/DSM/6. Recursion/6.1. Recurrence Relations/Source/6.1.1. Introduction to Recurrence Relations
60,"The ""And"" and ""Or"" Connectives",59,MOP,MOP.1.1.2,vault/MA/Mathematical-Structures-&-Proof/MOP/1. Logic/1.1. Statements/Lessons/1.1.2. The -And- and -Or- Connectives.md,vault/MA/Mathematical-Structures-&-Proof/MOP/1. Logic/1.1. Statements/Source/1.1.2. The -And- and -Or- Connectives
2007,Second-Order Homogeneous Recurrence Relations: Characteristic Equations with Distinct Real Roots,59,DSM,DSM.6.2.1,vault/MA/Mathematical-Structures-&-Proof/DSM/6. Recursion/6.2. Second-Order Recurrence Relations/Lessons/6.2.1. Second-Order Homogeneous Recurrence Relations- Characteristic Equations with Distinct Real Roots.md,vault/MA/Mathematical-Structures-&-Proof/DSM/6. Recursion/6.2. Second-Order Recurrence Relations/Source/6.2.1. Second-Order Homogeneous Recurrence Relations- Characteristic Equations with Distinct Real Roots
2083,Row Echelon Form,59,DSM,DSM.1.1.2,vault/MA/Mathematical-Structures-&-Proof/DSM/1. Preliminaries/1.1. Matrices/Lessons/1.1.2. Row Echelon Form.md,vault/MA/Mathematical-Structures-&-Proof/DSM/1. Preliminaries/1.1. Matrices/Source/1.1.2. Row Echelon Form
4425,The Conditional Definition of a Set,59,MOP,MOP.2.1.4,vault/MA/Mathematical-Structures-&-Proof/MOP/2. Set Theory/2.1. Introduction to Set Theory/Lessons/2.1.4. The Conditional Definition of a Set.md,vault/MA/Mathematical-Structures-&-Proof/MOP/2. Set Theory/2.1. Introduction to Set Theory/Source/2.1.4. The Conditional Definition of a Set
1916,Second-Order Homogeneous Recurrence Relations: Characteristic Equations with Repeated Roots,60,DSM,DSM.6.2.2,vault/MA/Mathematical-Structures-&-Proof/DSM/6. Recursion/6.2. Second-Order Recurrence Relations/Lessons/6.2.2. Second-Order Homogeneous Recurrence Relations- Characteristic Equations with Repeated Roots.md,vault/MA/Mathematical-Structures-&-Proof/DSM/6. Recursion/6.2. Second-Order Recurrence Relations/Source/6.2.2. Second-Order Homogeneous Recurrence Relations- Characteristic Equations with Repeated Roots
2008,Second-Order Homogeneous Recurrence Relations: Characteristic Equations with Complex Roots,60,DSM,DSM.6.2.3,vault/MA/Mathematical-Structures-&-Proof/DSM/6. Recursion/6.2. Second-Order Recurrence Relations/Lessons/6.2.3. Second-Order Homogeneous Recurrence Relations- Characteristic Equations with Complex Roots.md,vault/MA/Mathematical-Structures-&-Proof/DSM/6. Recursion/6.2. Second-Order Recurrence Relations/Source/6.2.3. Second-Order Homogeneous Recurrence Relations- Characteristic Equations with Complex Roots
4252,Truth Tables,60,MOP,MOP.1.1.3,vault/MA/Mathematical-Structures-&-Proof/MOP/1. Logic/1.1. Statements/Lessons/1.1.3. Truth Tables.md,vault/MA/Mathematical-Structures-&-Proof/MOP/1. Logic/1.1. Statements/Source/1.1.3. Truth Tables
4393,Describing Sets Using Set-Builder Notation,60,MOP,MOP.2.1.5,vault/MA/Mathematical-Structures-&-Proof/MOP/2. Set Theory/2.1. Introduction to Set Theory/Lessons/2.1.5. Describing Sets Using Set-Builder Notation.md,vault/MA/Mathematical-Structures-&-Proof/MOP/2. Set Theory/2.1. Introduction to Set Theory/Source/2.1.5. Describing Sets Using Set-Builder Notation
48,Cardinality of Finite Sets,61,MOP,MOP.2.1.7,vault/MA/Mathematical-Structures-&-Proof/MOP/2. Set Theory/2.1. Introduction to Set Theory/Lessons/2.1.7. Cardinality of Finite Sets.md,vault/MA/Mathematical-Structures-&-Proof/MOP/2. Set Theory/2.1. Introduction to Set Theory/Source/2.1.7. Cardinality of Finite Sets
50,Subsets,61,MOP,MOP.2.2.1,vault/MA/Mathematical-Structures-&-Proof/MOP/2. Set Theory/2.2. Subsets/Lessons/2.2.1. Subsets.md,vault/MA/Mathematical-Structures-&-Proof/MOP/2. Set Theory/2.2. Subsets/Source/2.2.1. Subsets
1047,Solving Systems of Equations Using Back Substitution,61,DSM,DSM.1.1.3,vault/MA/Mathematical-Structures-&-Proof/DSM/1. Preliminaries/1.1. Matrices/Lessons/1.1.3. Solving Systems of Equations Using Back Substitution.md,vault/MA/Mathematical-Structures-&-Proof/DSM/1. Preliminaries/1.1. Matrices/Source/1.1.3. Solving Systems of Equations Using Back Substitution
2009,Second-Order Recurrence Relations with Exponential Forcing,61,DSM,DSM.6.2.5,vault/MA/Mathematical-Structures-&-Proof/DSM/6. Recursion/6.2. Second-Order Recurrence Relations/Lessons/6.2.5. Second-Order Recurrence Relations with Exponential Forcing.md,vault/MA/Mathematical-Structures-&-Proof/DSM/6. Recursion/6.2. Second-Order Recurrence Relations/Source/6.2.5. Second-Order Recurrence Relations with Exponential Forcing
2011,Second-Order Recurrence Relations with Polynomial Forcing,61,DSM,DSM.6.2.4,vault/MA/Mathematical-Structures-&-Proof/DSM/6. Recursion/6.2. Second-Order Recurrence Relations/Lessons/6.2.4. Second-Order Recurrence Relations with Polynomial Forcing.md,vault/MA/Mathematical-Structures-&-Proof/DSM/6. Recursion/6.2. Second-Order Recurrence Relations/Source/6.2.4. Second-Order Recurrence Relations with Polynomial Forcing
1342,K Permutations of N With Repetition,62,DSM,DSM.4.10.2,vault/MA/Mathematical-Structures-&-Proof/DSM/4. Probability & Combinatorics/4.10. Combinatorics/Lessons/4.10.2. K Permutations of N With Repetition.md,vault/MA/Mathematical-Structures-&-Proof/DSM/4. Probability & Combinatorics/4.10. Combinatorics/Source/4.10.2. K Permutations of N With Repetition
2790,"The ""Not"" Connective",62,MOP,MOP.1.1.4,vault/MA/Mathematical-Structures-&-Proof/MOP/1. Logic/1.1. Statements/Lessons/1.1.4. The -Not- Connective.md,vault/MA/Mathematical-Structures-&-Proof/MOP/1. Logic/1.1. Statements/Source/1.1.4. The -Not- Connective
4386,Infinite Sets,62,MOP,MOP.2.1.8,vault/MA/Mathematical-Structures-&-Proof/MOP/2. Set Theory/2.1. Introduction to Set Theory/Lessons/2.1.8. Infinite Sets.md,vault/MA/Mathematical-Structures-&-Proof/MOP/2. Set Theory/2.1. Introduction to Set Theory/Source/2.1.8. Infinite Sets
49,The Cartesian Product,63,MOP,MOP.2.3.3,vault/MA/Mathematical-Structures-&-Proof/MOP/2. Set Theory/2.3. Set Operations/Lessons/2.3.3. The Cartesian Product.md,vault/MA/Mathematical-Structures-&-Proof/MOP/2. Set Theory/2.3. Set Operations/Source/2.3.3. The Cartesian Product
55,Indexed Sets,63,MOP,MOP.2.3.5,vault/MA/Mathematical-Structures-&-Proof/MOP/2. Set Theory/2.3. Set Operations/Lessons/2.3.5. Indexed Sets.md,vault/MA/Mathematical-Structures-&-Proof/MOP/2. Set Theory/2.3. Set Operations/Source/2.3.5. Indexed Sets
290,The Floor and Ceiling Functions,63,MOP,MOP.5.2.8,vault/MA/Mathematical-Structures-&-Proof/MOP/5. Sequences & Functions/5.2. Functions/Lessons/5.2.8. The Floor and Ceiling Functions.md,vault/MA/Mathematical-Structures-&-Proof/MOP/5. Sequences & Functions/5.2. Functions/Source/5.2.8. The Floor and Ceiling Functions
1343,Combinations With Repetition,63,DSM,DSM.4.10.3,vault/MA/Mathematical-Structures-&-Proof/DSM/4. Probability & Combinatorics/4.10. Combinatorics/Lessons/4.10.3. Combinations With Repetition.md,vault/MA/Mathematical-Structures-&-Proof/DSM/4. Probability & Combinatorics/4.10. Combinatorics/Source/4.10.3. Combinations With Repetition
2821,Logical Equivalence,63,MOP,MOP.1.1.5,vault/MA/Mathematical-Structures-&-Proof/MOP/1. Logic/1.1. Statements/Lessons/1.1.5. Logical Equivalence.md,vault/MA/Mathematical-Structures-&-Proof/MOP/1. Logic/1.1. Statements/Source/1.1.5. Logical Equivalence
3334,Sets and Functions,63,MOP,MOP.5.2.1,vault/MA/Mathematical-Structures-&-Proof/MOP/5. Sequences & Functions/5.2. Functions/Lessons/5.2.1. Sets and Functions.md,vault/MA/Mathematical-Structures-&-Proof/MOP/5. Sequences & Functions/5.2. Functions/Source/5.2.1. Sets and Functions
4327,Elementary Properties of Set Operations,63,MOP,MOP.2.4.1,vault/MA/Mathematical-Structures-&-Proof/MOP/2. Set Theory/2.4. Properties of Set Operations/Lessons/2.4.1. Elementary Properties of Set Operations.md,vault/MA/Mathematical-Structures-&-Proof/MOP/2. Set Theory/2.4. Properties of Set Operations/Source/2.4.1. Elementary Properties of Set Operations
4396,The Maximum and Minimum of a Set,63,MOP,MOP.2.1.9,vault/MA/Mathematical-Structures-&-Proof/MOP/2. Set Theory/2.1. Introduction to Set Theory/Lessons/2.1.9. The Maximum and Minimum of a Set.md,vault/MA/Mathematical-Structures-&-Proof/MOP/2. Set Theory/2.1. Introduction to Set Theory/Source/2.1.9. The Maximum and Minimum of a Set
948,Indicator Functions,64,MOP,MOP.2.2.4,vault/MA/Mathematical-Structures-&-Proof/MOP/2. Set Theory/2.2. Subsets/Lessons/2.2.4. Indicator Functions.md,vault/MA/Mathematical-Structures-&-Proof/MOP/2. Set Theory/2.2. Subsets/Source/2.2.4. Indicator Functions
981,Infinite Series and Partial Sums,64,DSM,DSM.5.2.1,vault/MA/Mathematical-Structures-&-Proof/DSM/5. Sequences/5.2. Geometric Series/Lessons/5.2.1. Infinite Series and Partial Sums.md,vault/MA/Mathematical-Structures-&-Proof/DSM/5. Sequences/5.2. Geometric Series/Source/5.2.1. Infinite Series and Partial Sums
1344,The Inclusion-Exclusion Principle,64,DSM,DSM.4.10.4,vault/MA/Mathematical-Structures-&-Proof/DSM/4. Probability & Combinatorics/4.10. Combinatorics/Lessons/4.10.4. The Inclusion-Exclusion Principle.md,vault/MA/Mathematical-Structures-&-Proof/DSM/4. Probability & Combinatorics/4.10. Combinatorics/Source/4.10.4. The Inclusion-Exclusion Principle
2830,Logical Associative and Commutative Laws,64,MOP,MOP.1.1.6,vault/MA/Mathematical-Structures-&-Proof/MOP/1. Logic/1.1. Statements/Lessons/1.1.6. Logical Associative and Commutative Laws.md,vault/MA/Mathematical-Structures-&-Proof/MOP/1. Logic/1.1. Statements/Source/1.1.6. Logical Associative and Commutative Laws
3778,Boolean Functions,64,DSM,DSM.2.1.1,vault/MA/Mathematical-Structures-&-Proof/DSM/2. Boolean Algebra/2.1. Boolean Functions/Lessons/2.1.1. Boolean Functions.md,vault/MA/Mathematical-Structures-&-Proof/DSM/2. Boolean Algebra/2.1. Boolean Functions/Source/2.1.1. Boolean Functions
4387,Visualizing Cartesian Products,64,MOP,MOP.2.3.4,vault/MA/Mathematical-Structures-&-Proof/MOP/2. Set Theory/2.3. Set Operations/Lessons/2.3.4. Visualizing Cartesian Products.md,vault/MA/Mathematical-Structures-&-Proof/MOP/2. Set Theory/2.3. Set Operations/Source/2.3.4. Visualizing Cartesian Products
4430,Distributive Properties of Set Operations,64,MOP,MOP.2.4.5,vault/MA/Mathematical-Structures-&-Proof/MOP/2. Set Theory/2.4. Properties of Set Operations/Lessons/2.4.5. Distributive Properties of Set Operations.md,vault/MA/Mathematical-Structures-&-Proof/MOP/2. Set Theory/2.4. Properties of Set Operations/Source/2.4.5. Distributive Properties of Set Operations
230,De Morgan's Laws for Logic,65,MOP,MOP.1.1.9,vault/MA/Mathematical-Structures-&-Proof/MOP/1. Logic/1.1. Statements/Lessons/1.1.9. De Morgan's Laws for Logic.md,vault/MA/Mathematical-Structures-&-Proof/MOP/1. Logic/1.1. Statements/Source/1.1.9. De Morgan's Laws for Logic
250,Conditional Statements,65,MOP,MOP.1.2.1,vault/MA/Mathematical-Structures-&-Proof/MOP/1. Logic/1.2. Implications and Biconditionals/Lessons/1.2.1. Conditional Statements.md,vault/MA/Mathematical-Structures-&-Proof/MOP/1. Logic/1.2. Implications and Biconditionals/Source/1.2.1. Conditional Statements
686,Writing an Infinite Geometric Series in Sigma Notation,65,DSM,DSM.5.2.4,vault/MA/Mathematical-Structures-&-Proof/DSM/5. Sequences/5.2. Geometric Series/Lessons/5.2.4. Writing an Infinite Geometric Series in Sigma Notation.md,vault/MA/Mathematical-Structures-&-Proof/DSM/5. Sequences/5.2. Geometric Series/Source/5.2.4. Writing an Infinite Geometric Series in Sigma Notation
691,Finding the Sum of an Infinite Geometric Series,65,DSM,DSM.5.2.3,vault/MA/Mathematical-Structures-&-Proof/DSM/5. Sequences/5.2. Geometric Series/Lessons/5.2.3. Finding the Sum of an Infinite Geometric Series.md,vault/MA/Mathematical-Structures-&-Proof/DSM/5. Sequences/5.2. Geometric Series/Source/5.2.3. Finding the Sum of an Infinite Geometric Series
982,Convergent and Divergent Infinite Series,65,DSM,DSM.5.2.2,vault/MA/Mathematical-Structures-&-Proof/DSM/5. Sequences/5.2. Geometric Series/Lessons/5.2.2. Convergent and Divergent Infinite Series.md,vault/MA/Mathematical-Structures-&-Proof/DSM/5. Sequences/5.2. Geometric Series/Source/5.2.2. Convergent and Divergent Infinite Series
2823,The Absorption Laws,65,MOP,MOP.1.1.8,vault/MA/Mathematical-Structures-&-Proof/MOP/1. Logic/1.1. Statements/Lessons/1.1.8. The Absorption Laws.md,vault/MA/Mathematical-Structures-&-Proof/MOP/1. Logic/1.1. Statements/Source/1.1.8. The Absorption Laws
2852,Counting Integer Solutions of a Constrained Equation,65,DSM,DSM.4.10.5,vault/MA/Mathematical-Structures-&-Proof/DSM/4. Probability & Combinatorics/4.10. Combinatorics/Lessons/4.10.5. Counting Integer Solutions of a Constrained Equation.md,vault/MA/Mathematical-Structures-&-Proof/DSM/4. Probability & Combinatorics/4.10. Combinatorics/Source/4.10.5. Counting Integer Solutions of a Constrained Equation
4392,Describing Planar Regions Using Set-Builder Notation,65,MOP,MOP.2.1.6,vault/MA/Mathematical-Structures-&-Proof/MOP/2. Set Theory/2.1. Introduction to Set Theory/Lessons/2.1.6. Describing Planar Regions Using Set-Builder Notation.md,vault/MA/Mathematical-Structures-&-Proof/MOP/2. Set Theory/2.1. Introduction to Set Theory/Source/2.1.6. Describing Planar Regions Using Set-Builder Notation
247,Logical Equivalence with Conditional Statements,66,MOP,MOP.1.2.2,vault/MA/Mathematical-Structures-&-Proof/MOP/1. Logic/1.2. Implications and Biconditionals/Lessons/1.2.2. Logical Equivalence with Conditional Statements.md,vault/MA/Mathematical-Structures-&-Proof/MOP/1. Logic/1.2. Implications and Biconditionals/Source/1.2.2. Logical Equivalence with Conditional Statements
1020,Sums of Infinite Geometric Series Given in Sigma Notation,66,DSM,DSM.5.2.5,vault/MA/Mathematical-Structures-&-Proof/DSM/5. Sequences/5.2. Geometric Series/Lessons/5.2.5. Sums of Infinite Geometric Series Given in Sigma Notation.md,vault/MA/Mathematical-Structures-&-Proof/DSM/5. Sequences/5.2. Geometric Series/Source/5.2.5. Sums of Infinite Geometric Series Given in Sigma Notation
1189,The Generalized Binomial Theorem,66,DSM,DSM.5.3.1,vault/MA/Mathematical-Structures-&-Proof/DSM/5. Sequences/5.3. The Binomial Theorem/Lessons/5.3.1. The Generalized Binomial Theorem.md,vault/MA/Mathematical-Structures-&-Proof/DSM/5. Sequences/5.3. The Binomial Theorem/Source/5.3.1. The Generalized Binomial Theorem
1407,The Multinomial Theorem,66,DSM,DSM.5.3.5,vault/MA/Mathematical-Structures-&-Proof/DSM/5. Sequences/5.3. The Binomial Theorem/Lessons/5.3.5. The Multinomial Theorem.md,vault/MA/Mathematical-Structures-&-Proof/DSM/5. Sequences/5.3. The Binomial Theorem/Source/5.3.5. The Multinomial Theorem
2789,Disjoint Sets,66,MOP,MOP.2.3.6,vault/MA/Mathematical-Structures-&-Proof/MOP/2. Set Theory/2.3. Set Operations/Lessons/2.3.6. Disjoint Sets.md,vault/MA/Mathematical-Structures-&-Proof/MOP/2. Set Theory/2.3. Set Operations/Source/2.3.6. Disjoint Sets
2822,The Distributive Laws,66,MOP,MOP.1.1.7,vault/MA/Mathematical-Structures-&-Proof/MOP/1. Logic/1.1. Statements/Lessons/1.1.7. The Distributive Laws.md,vault/MA/Mathematical-Structures-&-Proof/MOP/1. Logic/1.1. Statements/Source/1.1.7. The Distributive Laws
3083,Generating Functions,66,DSM,DSM.6.3.1,vault/MA/Mathematical-Structures-&-Proof/DSM/6. Recursion/6.3. Generating Functions/Lessons/6.3.1. Generating Functions.md,vault/MA/Mathematical-Structures-&-Proof/DSM/6. Recursion/6.3. Generating Functions/Source/6.3.1. Generating Functions
4254,Truth Sets of Predicates,66,MOP,MOP.1.3.1,vault/MA/Mathematical-Structures-&-Proof/MOP/1. Logic/1.3. Predicates/Lessons/1.3.1. Truth Sets of Predicates.md,vault/MA/Mathematical-Structures-&-Proof/MOP/1. Logic/1.3. Predicates/Source/1.3.1. Truth Sets of Predicates
248,Biconditional Statements,67,MOP,MOP.1.2.3,vault/MA/Mathematical-Structures-&-Proof/MOP/1. Logic/1.2. Implications and Biconditionals/Lessons/1.2.3. Biconditional Statements.md,vault/MA/Mathematical-Structures-&-Proof/MOP/1. Logic/1.2. Implications and Biconditionals/Source/1.2.3. Biconditional Statements
695,Working With the Generalized Binomial Theorem,67,DSM,DSM.5.3.2,vault/MA/Mathematical-Structures-&-Proof/DSM/5. Sequences/5.3. The Binomial Theorem/Lessons/5.3.2. Working With the Generalized Binomial Theorem.md,vault/MA/Mathematical-Structures-&-Proof/DSM/5. Sequences/5.3. The Binomial Theorem/Source/5.3.2. Working With the Generalized Binomial Theorem
1341,Permutations With Repetition,67,DSM,DSM.4.10.1,vault/MA/Mathematical-Structures-&-Proof/DSM/4. Probability & Combinatorics/4.10. Combinatorics/Lessons/4.10.1. Permutations With Repetition.md,vault/MA/Mathematical-Structures-&-Proof/DSM/4. Probability & Combinatorics/4.10. Combinatorics/Source/4.10.1. Permutations With Repetition
1409,Counting Terms in Multinomial Expansions,67,DSM,DSM.5.3.6,vault/MA/Mathematical-Structures-&-Proof/DSM/5. Sequences/5.3. The Binomial Theorem/Lessons/5.3.6. Counting Terms in Multinomial Expansions.md,vault/MA/Mathematical-Structures-&-Proof/DSM/5. Sequences/5.3. The Binomial Theorem/Source/5.3.6. Counting Terms in Multinomial Expansions
3140,Generating Functions of Homogeneous Recurrence Relations,67,DSM,DSM.6.3.2,vault/MA/Mathematical-Structures-&-Proof/DSM/6. Recursion/6.3. Generating Functions/Lessons/6.3.2. Generating Functions of Homogeneous Recurrence Relations.md,vault/MA/Mathematical-Structures-&-Proof/DSM/6. Recursion/6.3. Generating Functions/Source/6.3.2. Generating Functions of Homogeneous Recurrence Relations
4255,"The ""And"" and ""Or"" Connectives With Predicates",67,MOP,MOP.1.3.2,vault/MA/Mathematical-Structures-&-Proof/MOP/1. Logic/1.3. Predicates/Lessons/1.3.2. The -And- and -Or- Connectives With Predicates.md,vault/MA/Mathematical-Structures-&-Proof/MOP/1. Logic/1.3. Predicates/Source/1.3.2. The -And- and -Or- Connectives With Predicates
4256,"The ""Not"" Connective With Predicates",67,MOP,MOP.1.3.3,vault/MA/Mathematical-Structures-&-Proof/MOP/1. Logic/1.3. Predicates/Lessons/1.3.3. The -Not- Connective With Predicates.md,vault/MA/Mathematical-Structures-&-Proof/MOP/1. Logic/1.3. Predicates/Source/1.3.3. The -Not- Connective With Predicates
773,The Law of Total Probability,68,DSM,DSM.4.9.3,vault/MA/Mathematical-Structures-&-Proof/DSM/4. Probability & Combinatorics/4.9. Bayes' Theorem/Lessons/4.9.3. The Law of Total Probability.md,vault/MA/Mathematical-Structures-&-Proof/DSM/4. Probability & Combinatorics/4.9. Bayes' Theorem/Source/4.9.3. The Law of Total Probability
1191,Determining Ranges of Validity for Generalized Binomial Expansions,68,DSM,DSM.5.3.3,vault/MA/Mathematical-Structures-&-Proof/DSM/5. Sequences/5.3. The Binomial Theorem/Lessons/5.3.3. Determining Ranges of Validity for Generalized Binomial Expansions.md,vault/MA/Mathematical-Structures-&-Proof/DSM/5. Sequences/5.3. The Binomial Theorem/Source/5.3.3. Determining Ranges of Validity for Generalized Binomial Expansions
1192,Approximating Values Using the Generalized Binomial Theorem,68,DSM,DSM.5.3.4,vault/MA/Mathematical-Structures-&-Proof/DSM/5. Sequences/5.3. The Binomial Theorem/Lessons/5.3.4. Approximating Values Using the Generalized Binomial Theorem.md,vault/MA/Mathematical-Structures-&-Proof/DSM/5. Sequences/5.3. The Binomial Theorem/Source/5.3.4. Approximating Values Using the Generalized Binomial Theorem
3723,Generating Functions for Inhomogeneous Recurrence Relations,68,DSM,DSM.6.3.5,vault/MA/Mathematical-Structures-&-Proof/DSM/6. Recursion/6.3. Generating Functions/Lessons/6.3.5. Generating Functions for Inhomogeneous Recurrence Relations.md,vault/MA/Mathematical-Structures-&-Proof/DSM/6. Recursion/6.3. Generating Functions/Source/6.3.5. Generating Functions for Inhomogeneous Recurrence Relations
4257,Conditional Statements With Predicates,68,MOP,MOP.1.3.5,vault/MA/Mathematical-Structures-&-Proof/MOP/1. Logic/1.3. Predicates/Lessons/1.3.5. Conditional Statements With Predicates.md,vault/MA/Mathematical-Structures-&-Proof/MOP/1. Logic/1.3. Predicates/Source/1.3.5. Conditional Statements With Predicates
786,Finite Linear Series,69,DSM,DSM.5.1.1,vault/MA/Mathematical-Structures-&-Proof/DSM/5. Sequences/5.1. Finite Series/Lessons/5.1.1. Finite Linear Series.md,vault/MA/Mathematical-Structures-&-Proof/DSM/5. Sequences/5.1. Finite Series/Source/5.1.1. Finite Linear Series
971,Extending the Law of Total Probability,69,DSM,DSM.4.9.4,vault/MA/Mathematical-Structures-&-Proof/DSM/4. Probability & Combinatorics/4.9. Bayes' Theorem/Lessons/4.9.4. Extending the Law of Total Probability.md,vault/MA/Mathematical-Structures-&-Proof/DSM/4. Probability & Combinatorics/4.9. Bayes' Theorem/Source/4.9.4. Extending the Law of Total Probability
1290,Probability Mass Functions of Discrete Random Variables,69,DSM,DSM.4.1.1,vault/MA/Mathematical-Structures-&-Proof/DSM/4. Probability & Combinatorics/4.1. Discrete Random Variables/Lessons/4.1.1. Probability Mass Functions of Discrete Random Variables.md,vault/MA/Mathematical-Structures-&-Proof/DSM/4. Probability & Combinatorics/4.1. Discrete Random Variables/Source/4.1.1. Probability Mass Functions of Discrete Random Variables
2787,Universal and Existential Quantifiers,69,MOP,MOP.1.4.1,vault/MA/Mathematical-Structures-&-Proof/MOP/1. Logic/1.4. Quantifiers/Lessons/1.4.1. Universal and Existential Quantifiers.md,vault/MA/Mathematical-Structures-&-Proof/MOP/1. Logic/1.4. Quantifiers/Source/1.4.1. Universal and Existential Quantifiers
3272,Bayes' Theorem,69,DSM,DSM.4.9.1,vault/MA/Mathematical-Structures-&-Proof/DSM/4. Probability & Combinatorics/4.9. Bayes' Theorem/Lessons/4.9.1. Bayes' Theorem.md,vault/MA/Mathematical-Structures-&-Proof/DSM/4. Probability & Combinatorics/4.9. Bayes' Theorem/Source/4.9.1. Bayes' Theorem
3722,Determining the General Term of a Sequence Given Its Generating Function,69,DSM,DSM.6.3.3,vault/MA/Mathematical-Structures-&-Proof/DSM/6. Recursion/6.3. Generating Functions/Lessons/6.3.3. Determining the General Term of a Sequence Given Its Generating Function.md,vault/MA/Mathematical-Structures-&-Proof/DSM/6. Recursion/6.3. Generating Functions/Source/6.3.3. Determining the General Term of a Sequence Given Its Generating Function
4303,Implication Elimination and Denying the Consequent,69,MOP,MOP.1.5.1,vault/MA/Mathematical-Structures-&-Proof/MOP/1. Logic/1.5. Logical Inference/Lessons/1.5.1. Implication Elimination and Denying the Consequent.md,vault/MA/Mathematical-Structures-&-Proof/MOP/1. Logic/1.5. Logical Inference/Source/1.5.1. Implication Elimination and Denying the Consequent
642,Mathematical Induction,70,MOP,MOP.4.2.1,vault/MA/Mathematical-Structures-&-Proof/MOP/4. Discrete Mathematics & Number Theory/4.2. Proof by Induction/Lessons/4.2.1. Mathematical Induction.md,vault/MA/Mathematical-Structures-&-Proof/MOP/4. Discrete Mathematics & Number Theory/4.2. Proof by Induction/Source/4.2.1. Mathematical Induction
730,Expected Values of Discrete Random Variables,70,DSM,DSM.4.1.5,vault/MA/Mathematical-Structures-&-Proof/DSM/4. Probability & Combinatorics/4.1. Discrete Random Variables/Lessons/4.1.5. Expected Values of Discrete Random Variables.md,vault/MA/Mathematical-Structures-&-Proof/DSM/4. Probability & Combinatorics/4.1. Discrete Random Variables/Source/4.1.5. Expected Values of Discrete Random Variables
787,Finite Quadratic Series,70,DSM,DSM.5.1.2,vault/MA/Mathematical-Structures-&-Proof/DSM/5. Sequences/5.1. Finite Series/Lessons/5.1.2. Finite Quadratic Series.md,vault/MA/Mathematical-Structures-&-Proof/DSM/5. Sequences/5.1. Finite Series/Source/5.1.2. Finite Quadratic Series
2024,Cumulative Distribution Functions for Discrete Random Variables,70,DSM,DSM.4.1.2,vault/MA/Mathematical-Structures-&-Proof/DSM/4. Probability & Combinatorics/4.1. Discrete Random Variables/Lessons/4.1.2. Cumulative Distribution Functions for Discrete Random Variables.md,vault/MA/Mathematical-Structures-&-Proof/DSM/4. Probability & Combinatorics/4.1. Discrete Random Variables/Source/4.1.2. Cumulative Distribution Functions for Discrete Random Variables
2792,Nested Quantifiers,70,MOP,MOP.1.4.3,vault/MA/Mathematical-Structures-&-Proof/MOP/1. Logic/1.4. Quantifiers/Lessons/1.4.3. Nested Quantifiers.md,vault/MA/Mathematical-Structures-&-Proof/MOP/1. Logic/1.4. Quantifiers/Source/1.4.3. Nested Quantifiers
3073,The Hypergeometric Distribution,70,DSM,DSM.4.8.1,vault/MA/Mathematical-Structures-&-Proof/DSM/4. Probability & Combinatorics/4.8. The Hypergeometric Distribution/Lessons/4.8.1. The Hypergeometric Distribution.md,vault/MA/Mathematical-Structures-&-Proof/DSM/4. Probability & Combinatorics/4.8. The Hypergeometric Distribution/Source/4.8.1. The Hypergeometric Distribution
3281,The Binomial Distribution,70,DSM,DSM.4.4.1,vault/MA/Mathematical-Structures-&-Proof/DSM/4. Probability & Combinatorics/4.4. The Binomial Distribution/Lessons/4.4.1. The Binomial Distribution.md,vault/MA/Mathematical-Structures-&-Proof/DSM/4. Probability & Combinatorics/4.4. The Binomial Distribution/Source/4.4.1. The Binomial Distribution
3282,The Poisson Distribution,70,DSM,DSM.4.5.1,vault/MA/Mathematical-Structures-&-Proof/DSM/4. Probability & Combinatorics/4.5. The Poisson Distribution/Lessons/4.5.1. The Poisson Distribution.md,vault/MA/Mathematical-Structures-&-Proof/DSM/4. Probability & Combinatorics/4.5. The Poisson Distribution/Source/4.5.1. The Poisson Distribution
3284,The Geometric Distribution,70,DSM,DSM.4.6.1,vault/MA/Mathematical-Structures-&-Proof/DSM/4. Probability & Combinatorics/4.6. The Geometric Distribution/Lessons/4.6.1. The Geometric Distribution.md,vault/MA/Mathematical-Structures-&-Proof/DSM/4. Probability & Combinatorics/4.6. The Geometric Distribution/Source/4.6.1. The Geometric Distribution
3286,Extending Bayes' Theorem,70,DSM,DSM.4.9.2,vault/MA/Mathematical-Structures-&-Proof/DSM/4. Probability & Combinatorics/4.9. Bayes' Theorem/Lessons/4.9.2. Extending Bayes' Theorem.md,vault/MA/Mathematical-Structures-&-Proof/DSM/4. Probability & Combinatorics/4.9. Bayes' Theorem/Source/4.9.2. Extending Bayes' Theorem
3726,Solving Homogeneous Recurrence Relations Using Generating Functions,70,DSM,DSM.6.3.4,vault/MA/Mathematical-Structures-&-Proof/DSM/6. Recursion/6.3. Generating Functions/Lessons/6.3.4. Solving Homogeneous Recurrence Relations Using Generating Functions.md,vault/MA/Mathematical-Structures-&-Proof/DSM/6. Recursion/6.3. Generating Functions/Source/6.3.4. Solving Homogeneous Recurrence Relations Using Generating Functions
4305,Disjunctive Syllogism and Transitivity of Implication,70,MOP,MOP.1.5.2,vault/MA/Mathematical-Structures-&-Proof/MOP/1. Logic/1.5. Logical Inference/Lessons/1.5.2. Disjunctive Syllogism and Transitivity of Implication.md,vault/MA/Mathematical-Structures-&-Proof/MOP/1. Logic/1.5. Logical Inference/Source/1.5.2. Disjunctive Syllogism and Transitivity of Implication
646,Proving Divisibility Using Induction,71,MOP,MOP.4.2.3,vault/MA/Mathematical-Structures-&-Proof/MOP/4. Discrete Mathematics & Number Theory/4.2. Proof by Induction/Lessons/4.2.3. Proving Divisibility Using Induction.md,vault/MA/Mathematical-Structures-&-Proof/MOP/4. Discrete Mathematics & Number Theory/4.2. Proof by Induction/Source/4.2.3. Proving Divisibility Using Induction
712,Strong Induction and Recurrence Relations,71,MOP,MOP.4.2.5,vault/MA/Mathematical-Structures-&-Proof/MOP/4. Discrete Mathematics & Number Theory/4.2. Proof by Induction/Lessons/4.2.5. Strong Induction and Recurrence Relations.md,vault/MA/Mathematical-Structures-&-Proof/MOP/4. Discrete Mathematics & Number Theory/4.2. Proof by Induction/Source/4.2.5. Strong Induction and Recurrence Relations
789,Finite Cubic Series,71,DSM,DSM.5.1.3,vault/MA/Mathematical-Structures-&-Proof/DSM/5. Sequences/5.1. Finite Series/Lessons/5.1.3. Finite Cubic Series.md,vault/MA/Mathematical-Structures-&-Proof/DSM/5. Sequences/5.1. Finite Series/Source/5.1.3. Finite Cubic Series
927,Proving Inequalities Using Induction,71,MOP,MOP.4.2.2,vault/MA/Mathematical-Structures-&-Proof/MOP/4. Discrete Mathematics & Number Theory/4.2. Proof by Induction/Lessons/4.2.2. Proving Inequalities Using Induction.md,vault/MA/Mathematical-Structures-&-Proof/MOP/4. Discrete Mathematics & Number Theory/4.2. Proof by Induction/Source/4.2.2. Proving Inequalities Using Induction
2798,Formal and Informal Language,71,MOP,MOP.1.4.4,vault/MA/Mathematical-Structures-&-Proof/MOP/1. Logic/1.4. Quantifiers/Lessons/1.4.4. Formal and Informal Language.md,vault/MA/Mathematical-Structures-&-Proof/MOP/1. Logic/1.4. Quantifiers/Source/1.4.4. Formal and Informal Language
3631,One-to-One Transformations of Discrete Random Variables,71,DSM,DSM.4.1.3,vault/MA/Mathematical-Structures-&-Proof/DSM/4. Probability & Combinatorics/4.1. Discrete Random Variables/Lessons/4.1.3. One-to-One Transformations of Discrete Random Variables.md,vault/MA/Mathematical-Structures-&-Proof/DSM/4. Probability & Combinatorics/4.1. Discrete Random Variables/Source/4.1.3. One-to-One Transformations of Discrete Random Variables
3803,Big-O Notation,71,DSM,DSM.8.4.1,vault/MA/Mathematical-Structures-&-Proof/DSM/8. The Theory of Algorithms/8.4. Algorithmic Complexity/Lessons/8.4.1. Big-O Notation.md,vault/MA/Mathematical-Structures-&-Proof/DSM/8. The Theory of Algorithms/8.4. Algorithmic Complexity/Source/8.4.1. Big-O Notation
4306,Additional Rules of Logical Inference,71,MOP,MOP.1.5.3,vault/MA/Mathematical-Structures-&-Proof/MOP/1. Logic/1.5. Logical Inference/Lessons/1.5.3. Additional Rules of Logical Inference.md,vault/MA/Mathematical-Structures-&-Proof/MOP/1. Logic/1.5. Logical Inference/Source/1.5.3. Additional Rules of Logical Inference
5412,The PMF of the Hypergeometric Distribution,71,DSM,DSM.4.8.2,vault/MA/Mathematical-Structures-&-Proof/DSM/4. Probability & Combinatorics/4.8. The Hypergeometric Distribution/Lessons/4.8.2. The PMF of the Hypergeometric Distribution.md,vault/MA/Mathematical-Structures-&-Proof/DSM/4. Probability & Combinatorics/4.8. The Hypergeometric Distribution/Source/4.8.2. The PMF of the Hypergeometric Distribution
1395,Modeling With the Binomial Distribution,72,DSM,DSM.4.4.2,vault/MA/Mathematical-Structures-&-Proof/DSM/4. Probability & Combinatorics/4.4. The Binomial Distribution/Lessons/4.4.2. Modeling With the Binomial Distribution.md,vault/MA/Mathematical-Structures-&-Proof/DSM/4. Probability & Combinatorics/4.4. The Binomial Distribution/Source/4.4.2. Modeling With the Binomial Distribution
1915,First-Order Recurrence Relations,72,DSM,DSM.6.1.2,vault/MA/Mathematical-Structures-&-Proof/DSM/6. Recursion/6.1. Recurrence Relations/Lessons/6.1.2. First-Order Recurrence Relations.md,vault/MA/Mathematical-Structures-&-Proof/DSM/6. Recursion/6.1. Recurrence Relations/Source/6.1.2. First-Order Recurrence Relations
2627,Surjections,72,MOP,MOP.5.2.4,vault/MA/Mathematical-Structures-&-Proof/MOP/5. Sequences & Functions/5.2. Functions/Lessons/5.2.4. Surjections.md,vault/MA/Mathematical-Structures-&-Proof/MOP/5. Sequences & Functions/5.2. Functions/Source/5.2.4. Surjections
2678,Injections,72,MOP,MOP.5.2.2,vault/MA/Mathematical-Structures-&-Proof/MOP/5. Sequences & Functions/5.2. Functions/Lessons/5.2.2. Injections.md,vault/MA/Mathematical-Structures-&-Proof/MOP/5. Sequences & Functions/5.2. Functions/Source/5.2.2. Injections
2791,Negating Quantified Statements,72,MOP,MOP.1.4.2,vault/MA/Mathematical-Structures-&-Proof/MOP/1. Logic/1.4. Quantifiers/Lessons/1.4.2. Negating Quantified Statements.md,vault/MA/Mathematical-Structures-&-Proof/MOP/1. Logic/1.4. Quantifiers/Source/1.4.2. Negating Quantified Statements
2815,Trivial and Vacuous Proofs,72,MOP,MOP.3.1.7,vault/MA/Mathematical-Structures-&-Proof/MOP/3. Mathematical Proof/3.1. Introduction to Mathematical Proof/Lessons/3.1.7. Trivial and Vacuous Proofs.md,vault/MA/Mathematical-Structures-&-Proof/MOP/3. Mathematical Proof/3.1. Introduction to Mathematical Proof/Source/3.1.7. Trivial and Vacuous Proofs
2836,Properties of Expectation for Discrete Random Variables,72,DSM,DSM.4.1.6,vault/MA/Mathematical-Structures-&-Proof/DSM/4. Probability & Combinatorics/4.1. Discrete Random Variables/Lessons/4.1.6. Properties of Expectation for Discrete Random Variables.md,vault/MA/Mathematical-Structures-&-Proof/DSM/4. Probability & Combinatorics/4.1. Discrete Random Variables/Source/4.1.6. Properties of Expectation for Discrete Random Variables
3010,The Discrete Uniform Distribution,72,DSM,DSM.4.2.1,vault/MA/Mathematical-Structures-&-Proof/DSM/4. Probability & Combinatorics/4.2. The Discrete Uniform Distribution/Lessons/4.2.1. The Discrete Uniform Distribution.md,vault/MA/Mathematical-Structures-&-Proof/DSM/4. Probability & Combinatorics/4.2. The Discrete Uniform Distribution/Source/4.2.1. The Discrete Uniform Distribution
3072,The Negative Binomial Distribution,72,DSM,DSM.4.7.1,vault/MA/Mathematical-Structures-&-Proof/DSM/4. Probability & Combinatorics/4.7. The Negative Binomial Distribution/Lessons/4.7.1. The Negative Binomial Distribution.md,vault/MA/Mathematical-Structures-&-Proof/DSM/4. Probability & Combinatorics/4.7. The Negative Binomial Distribution/Source/4.7.1. The Negative Binomial Distribution
3411,Parity,72,MOP,MOP.4.1.1,vault/MA/Mathematical-Structures-&-Proof/MOP/4. Discrete Mathematics & Number Theory/4.1. Divisibility/Lessons/4.1.1. Parity.md,vault/MA/Mathematical-Structures-&-Proof/MOP/4. Discrete Mathematics & Number Theory/4.1. Divisibility/Source/4.1.1. Parity
3647,Many-to-One Transformations of Discrete Random Variables,72,DSM,DSM.4.1.4,vault/MA/Mathematical-Structures-&-Proof/DSM/4. Probability & Combinatorics/4.1. Discrete Random Variables/Lessons/4.1.4. Many-to-One Transformations of Discrete Random Variables.md,vault/MA/Mathematical-Structures-&-Proof/DSM/4. Probability & Combinatorics/4.1. Discrete Random Variables/Source/4.1.4. Many-to-One Transformations of Discrete Random Variables
3805,Big-Omega Notation,72,DSM,DSM.8.4.2,vault/MA/Mathematical-Structures-&-Proof/DSM/8. The Theory of Algorithms/8.4. Algorithmic Complexity/Lessons/8.4.2. Big-Omega Notation.md,vault/MA/Mathematical-Structures-&-Proof/DSM/8. The Theory of Algorithms/8.4. Algorithmic Complexity/Source/8.4.2. Big-Omega Notation
4342,The Limit of a Null Sequence,72,MOP,MOP.5.1.1,vault/MA/Mathematical-Structures-&-Proof/MOP/5. Sequences & Functions/5.1. Sequences/Lessons/5.1.1. The Limit of a Null Sequence.md,vault/MA/Mathematical-Structures-&-Proof/MOP/5. Sequences & Functions/5.1. Sequences/Source/5.1.1. The Limit of a Null Sequence
4344,Infinite Limits of Sequences,72,MOP,MOP.5.1.4,vault/MA/Mathematical-Structures-&-Proof/MOP/5. Sequences & Functions/5.1. Sequences/Lessons/5.1.4. Infinite Limits of Sequences.md,vault/MA/Mathematical-Structures-&-Proof/MOP/5. Sequences & Functions/5.1. Sequences/Source/5.1.4. Infinite Limits of Sequences
2679,Bijections,73,MOP,MOP.5.2.7,vault/MA/Mathematical-Structures-&-Proof/MOP/5. Sequences & Functions/5.2. Functions/Lessons/5.2.7. Bijections.md,vault/MA/Mathematical-Structures-&-Proof/MOP/5. Sequences & Functions/5.2. Functions/Source/5.2.7. Bijections
3027,Into Functions,73,MOP,MOP.5.2.5,vault/MA/Mathematical-Structures-&-Proof/MOP/5. Sequences & Functions/5.2. Functions/Lessons/5.2.5. Into Functions.md,vault/MA/Mathematical-Structures-&-Proof/MOP/5. Sequences & Functions/5.2. Functions/Source/5.2.5. Into Functions
3080,Integer Divisibility,73,MOP,MOP.4.1.2,vault/MA/Mathematical-Structures-&-Proof/MOP/4. Discrete Mathematics & Number Theory/4.1. Divisibility/Lessons/4.1.2. Integer Divisibility.md,vault/MA/Mathematical-Structures-&-Proof/MOP/4. Discrete Mathematics & Number Theory/4.1. Divisibility/Source/4.1.2. Integer Divisibility
3412,Disproving Universal Statements,73,MOP,MOP.3.1.5,vault/MA/Mathematical-Structures-&-Proof/MOP/3. Mathematical Proof/3.1. Introduction to Mathematical Proof/Lessons/3.1.5. Disproving Universal Statements.md,vault/MA/Mathematical-Structures-&-Proof/MOP/3. Mathematical Proof/3.1. Introduction to Mathematical Proof/Source/3.1.5. Disproving Universal Statements
3642,Moments of Discrete Random Variables,73,DSM,DSM.4.1.8,vault/MA/Mathematical-Structures-&-Proof/DSM/4. Probability & Combinatorics/4.1. Discrete Random Variables/Lessons/4.1.8. Moments of Discrete Random Variables.md,vault/MA/Mathematical-Structures-&-Proof/DSM/4. Probability & Combinatorics/4.1. Discrete Random Variables/Source/4.1.8. Moments of Discrete Random Variables
4376,Proving the Limit of a Null Sequence,73,MOP,MOP.5.1.2,vault/MA/Mathematical-Structures-&-Proof/MOP/5. Sequences & Functions/5.1. Sequences/Lessons/5.1.2. Proving the Limit of a Null Sequence.md,vault/MA/Mathematical-Structures-&-Proof/MOP/5. Sequences & Functions/5.1. Sequences/Source/5.1.2. Proving the Limit of a Null Sequence
4399,Proving a Sequence Has an Infinite Limit,73,MOP,MOP.5.1.5,vault/MA/Mathematical-Structures-&-Proof/MOP/5. Sequences & Functions/5.1. Sequences/Lessons/5.1.5. Proving a Sequence Has an Infinite Limit.md,vault/MA/Mathematical-Structures-&-Proof/MOP/5. Sequences & Functions/5.1. Sequences/Source/5.1.5. Proving a Sequence Has an Infinite Limit
5374,First-Order Recurrence Relations With Polynomial Forcing,73,DSM,DSM.6.1.3,vault/MA/Mathematical-Structures-&-Proof/DSM/6. Recursion/6.1. Recurrence Relations/Lessons/6.1.3. First-Order Recurrence Relations With Polynomial Forcing.md,vault/MA/Mathematical-Structures-&-Proof/DSM/6. Recursion/6.1. Recurrence Relations/Source/6.1.3. First-Order Recurrence Relations With Polynomial Forcing
950,Introduction to Graphs,74,DSM,DSM.7.1.1,vault/MA/Mathematical-Structures-&-Proof/DSM/7. Graph Theory/7.1. Introduction to Graph Theory/Lessons/7.1.1. Introduction to Graphs.md,vault/MA/Mathematical-Structures-&-Proof/DSM/7. Graph Theory/7.1. Introduction to Graph Theory/Source/7.1.1. Introduction to Graphs
1388,Variance of Discrete Random Variables,74,DSM,DSM.4.1.7,vault/MA/Mathematical-Structures-&-Proof/DSM/4. Probability & Combinatorics/4.1. Discrete Random Variables/Lessons/4.1.7. Variance of Discrete Random Variables.md,vault/MA/Mathematical-Structures-&-Proof/DSM/4. Probability & Combinatorics/4.1. Discrete Random Variables/Source/4.1.7. Variance of Discrete Random Variables
2689,The Division Algorithm,74,MOP,MOP.4.1.3,vault/MA/Mathematical-Structures-&-Proof/MOP/4. Discrete Mathematics & Number Theory/4.1. Divisibility/Lessons/4.1.3. The Division Algorithm.md,vault/MA/Mathematical-Structures-&-Proof/MOP/4. Discrete Mathematics & Number Theory/4.1. Divisibility/Source/4.1.3. The Division Algorithm
3269,Modeling With Discrete Uniform Distributions,74,DSM,DSM.4.2.3,vault/MA/Mathematical-Structures-&-Proof/DSM/4. Probability & Combinatorics/4.2. The Discrete Uniform Distribution/Lessons/4.2.3. Modeling With Discrete Uniform Distributions.md,vault/MA/Mathematical-Structures-&-Proof/DSM/4. Probability & Combinatorics/4.2. The Discrete Uniform Distribution/Source/4.2.3. Modeling With Discrete Uniform Distributions
3424,Discrete Infinite Sets With Equal Cardinality,74,MOP,MOP.5.3.1,vault/MA/Mathematical-Structures-&-Proof/MOP/5. Sequences & Functions/5.3. Cardinality/Lessons/5.3.1. Discrete Infinite Sets With Equal Cardinality.md,vault/MA/Mathematical-Structures-&-Proof/MOP/5. Sequences & Functions/5.3. Cardinality/Source/5.3.1. Discrete Infinite Sets With Equal Cardinality
4343,Proving the Finite Limit of a Sequence,74,MOP,MOP.5.1.3,vault/MA/Mathematical-Structures-&-Proof/MOP/5. Sequences & Functions/5.1. Sequences/Lessons/5.1.3. Proving the Finite Limit of a Sequence.md,vault/MA/Mathematical-Structures-&-Proof/MOP/5. Sequences & Functions/5.1. Sequences/Source/5.1.3. Proving the Finite Limit of a Sequence
5375,First-Order Recurrence Relations With Exponential Forcing,74,DSM,DSM.6.1.4,vault/MA/Mathematical-Structures-&-Proof/DSM/6. Recursion/6.1. Recurrence Relations/Lessons/6.1.4. First-Order Recurrence Relations With Exponential Forcing.md,vault/MA/Mathematical-Structures-&-Proof/DSM/6. Recursion/6.1. Recurrence Relations/Source/6.1.4. First-Order Recurrence Relations With Exponential Forcing
951,"Walks, Trails, Paths, and Distances",75,DSM,DSM.7.1.2,"vault/MA/Mathematical-Structures-&-Proof/DSM/7. Graph Theory/7.1. Introduction to Graph Theory/Lessons/7.1.2. Walks, Trails, Paths, and Distances.md","vault/MA/Mathematical-Structures-&-Proof/DSM/7. Graph Theory/7.1. Introduction to Graph Theory/Source/7.1.2. Walks, Trails, Paths, and Distances"
2641,Modular Congruence,75,MOP,MOP.6.1.1,vault/MA/Mathematical-Structures-&-Proof/MOP/6. Congruence of Integers/6.1. Modular Congruence/Lessons/6.1.1. Modular Congruence.md,vault/MA/Mathematical-Structures-&-Proof/MOP/6. Congruence of Integers/6.1. Modular Congruence/Source/6.1.1. Modular Congruence
2839,Modeling With the Geometric Distribution,75,DSM,DSM.4.6.2,vault/MA/Mathematical-Structures-&-Proof/DSM/4. Probability & Combinatorics/4.6. The Geometric Distribution/Lessons/4.6.2. Modeling With the Geometric Distribution.md,vault/MA/Mathematical-Structures-&-Proof/DSM/4. Probability & Combinatorics/4.6. The Geometric Distribution/Source/4.6.2. Modeling With the Geometric Distribution
2889,Integers in Arbitrary Bases,75,DSM,DSM.3.1.7,vault/MA/Mathematical-Structures-&-Proof/DSM/3. Number Theory/3.1. Numbers in Different Bases/Lessons/3.1.7. Integers in Arbitrary Bases.md,vault/MA/Mathematical-Structures-&-Proof/DSM/3. Number Theory/3.1. Numbers in Different Bases/Source/3.1.7. Integers in Arbitrary Bases
2984,Hexadecimal Integers,75,DSM,DSM.3.1.5,vault/MA/Mathematical-Structures-&-Proof/DSM/3. Number Theory/3.1. Numbers in Different Bases/Lessons/3.1.5. Hexadecimal Integers.md,vault/MA/Mathematical-Structures-&-Proof/DSM/3. Number Theory/3.1. Numbers in Different Bases/Source/3.1.5. Hexadecimal Integers
3028,Properties of Variance for Discrete Random Variables,75,DSM,DSM.4.1.9,vault/MA/Mathematical-Structures-&-Proof/DSM/4. Probability & Combinatorics/4.1. Discrete Random Variables/Lessons/4.1.9. Properties of Variance for Discrete Random Variables.md,vault/MA/Mathematical-Structures-&-Proof/DSM/4. Probability & Combinatorics/4.1. Discrete Random Variables/Source/4.1.9. Properties of Variance for Discrete Random Variables
3071,The Bernoulli Distribution,75,DSM,DSM.4.3.1,vault/MA/Mathematical-Structures-&-Proof/DSM/4. Probability & Combinatorics/4.3. The Bernoulli Distribution/Lessons/4.3.1. The Bernoulli Distribution.md,vault/MA/Mathematical-Structures-&-Proof/DSM/4. Probability & Combinatorics/4.3. The Bernoulli Distribution/Source/4.3.1. The Bernoulli Distribution
3402,Mean and Variance of the Discrete Uniform Distribution,75,DSM,DSM.4.2.2,vault/MA/Mathematical-Structures-&-Proof/DSM/4. Probability & Combinatorics/4.2. The Discrete Uniform Distribution/Lessons/4.2.2. Mean and Variance of the Discrete Uniform Distribution.md,vault/MA/Mathematical-Structures-&-Proof/DSM/4. Probability & Combinatorics/4.2. The Discrete Uniform Distribution/Source/4.2.2. Mean and Variance of the Discrete Uniform Distribution
3797,Deterministic Finite Automata,75,DSM,DSM.8.2.1,vault/MA/Mathematical-Structures-&-Proof/DSM/8. The Theory of Algorithms/8.2. Finite-State Interceptors/Lessons/8.2.1. Deterministic Finite Automata.md,vault/MA/Mathematical-Structures-&-Proof/DSM/8. The Theory of Algorithms/8.2. Finite-State Interceptors/Source/8.2.1. Deterministic Finite Automata
4394,"Cardinality of the Natural Numbers, Integers, and Rationals",75,MOP,MOP.5.3.3,"vault/MA/Mathematical-Structures-&-Proof/MOP/5. Sequences & Functions/5.3. Cardinality/Lessons/5.3.3. Cardinality of the Natural Numbers, Integers, and Rationals.md","vault/MA/Mathematical-Structures-&-Proof/MOP/5. Sequences & Functions/5.3. Cardinality/Source/5.3.3. Cardinality of the Natural Numbers, Integers, and Rationals"
4860,Continuous Infinite Sets With Equal Cardinality,75,MOP,MOP.5.3.2,vault/MA/Mathematical-Structures-&-Proof/MOP/5. Sequences & Functions/5.3. Cardinality/Lessons/5.3.2. Continuous Infinite Sets With Equal Cardinality.md,vault/MA/Mathematical-Structures-&-Proof/MOP/5. Sequences & Functions/5.3. Cardinality/Source/5.3.2. Continuous Infinite Sets With Equal Cardinality
781,Proving Matrix Identities Using Induction,76,MOP,MOP.4.2.4,vault/MA/Mathematical-Structures-&-Proof/MOP/4. Discrete Mathematics & Number Theory/4.2. Proof by Induction/Lessons/4.2.4. Proving Matrix Identities Using Induction.md,vault/MA/Mathematical-Structures-&-Proof/MOP/4. Discrete Mathematics & Number Theory/4.2. Proof by Induction/Source/4.2.4. Proving Matrix Identities Using Induction
954,The Degree of a Vertex,76,DSM,DSM.7.1.4,vault/MA/Mathematical-Structures-&-Proof/DSM/7. Graph Theory/7.1. Introduction to Graph Theory/Lessons/7.1.4. The Degree of a Vertex.md,vault/MA/Mathematical-Structures-&-Proof/DSM/7. Graph Theory/7.1. Introduction to Graph Theory/Source/7.1.4. The Degree of a Vertex
2673,The Addition Property of Modular Arithmetic,76,MOP,MOP.6.1.2,vault/MA/Mathematical-Structures-&-Proof/MOP/6. Congruence of Integers/6.1. Modular Congruence/Lessons/6.1.2. The Addition Property of Modular Arithmetic.md,vault/MA/Mathematical-Structures-&-Proof/MOP/6. Congruence of Integers/6.1. Modular Congruence/Source/6.1.2. The Addition Property of Modular Arithmetic
2817,Relations on Finite Sets,76,MOP,MOP.7.1.1,vault/MA/Mathematical-Structures-&-Proof/MOP/7. Equivalence Relations/7.1. Relations/Lessons/7.1.1. Relations on Finite Sets.md,vault/MA/Mathematical-Structures-&-Proof/MOP/7. Equivalence Relations/7.1. Relations/Source/7.1.1. Relations on Finite Sets
2838,Modeling With the Poisson Distribution,76,DSM,DSM.4.5.2,vault/MA/Mathematical-Structures-&-Proof/DSM/4. Probability & Combinatorics/4.5. The Poisson Distribution/Lessons/4.5.2. Modeling With the Poisson Distribution.md,vault/MA/Mathematical-Structures-&-Proof/DSM/4. Probability & Combinatorics/4.5. The Poisson Distribution/Source/4.5.2. Modeling With the Poisson Distribution
2888,Fractions in Arbitrary Bases,76,DSM,DSM.3.1.8,vault/MA/Mathematical-Structures-&-Proof/DSM/3. Number Theory/3.1. Numbers in Different Bases/Lessons/3.1.8. Fractions in Arbitrary Bases.md,vault/MA/Mathematical-Structures-&-Proof/DSM/3. Number Theory/3.1. Numbers in Different Bases/Source/3.1.8. Fractions in Arbitrary Bases
2891,Converting Between Binary and Hexadecimal Integers,76,DSM,DSM.3.1.6,vault/MA/Mathematical-Structures-&-Proof/DSM/3. Number Theory/3.1. Numbers in Different Bases/Lessons/3.1.6. Converting Between Binary and Hexadecimal Integers.md,vault/MA/Mathematical-Structures-&-Proof/DSM/3. Number Theory/3.1. Numbers in Different Bases/Source/3.1.6. Converting Between Binary and Hexadecimal Integers
2992,Mean and Variance of the Geometric Distribution,76,DSM,DSM.4.6.3,vault/MA/Mathematical-Structures-&-Proof/DSM/4. Probability & Combinatorics/4.6. The Geometric Distribution/Lessons/4.6.3. Mean and Variance of the Geometric Distribution.md,vault/MA/Mathematical-Structures-&-Proof/DSM/4. Probability & Combinatorics/4.6. The Geometric Distribution/Source/4.6.3. Mean and Variance of the Geometric Distribution
3118,Symmetric Matrices,76,DSM,DSM.1.1.4,vault/MA/Mathematical-Structures-&-Proof/DSM/1. Preliminaries/1.1. Matrices/Lessons/1.1.4. Symmetric Matrices.md,vault/MA/Mathematical-Structures-&-Proof/DSM/1. Preliminaries/1.1. Matrices/Source/1.1.4. Symmetric Matrices
3280,Mean and Variance of the Bernoulli Distribution,76,DSM,DSM.4.3.2,vault/MA/Mathematical-Structures-&-Proof/DSM/4. Probability & Combinatorics/4.3. The Bernoulli Distribution/Lessons/4.3.2. Mean and Variance of the Bernoulli Distribution.md,vault/MA/Mathematical-Structures-&-Proof/DSM/4. Probability & Combinatorics/4.3. The Bernoulli Distribution/Source/4.3.2. Mean and Variance of the Bernoulli Distribution
3285,Modeling With the Negative Binomial Distribution,76,DSM,DSM.4.7.2,vault/MA/Mathematical-Structures-&-Proof/DSM/4. Probability & Combinatorics/4.7. The Negative Binomial Distribution/Lessons/4.7.2. Modeling With the Negative Binomial Distribution.md,vault/MA/Mathematical-Structures-&-Proof/DSM/4. Probability & Combinatorics/4.7. The Negative Binomial Distribution/Source/4.7.2. Modeling With the Negative Binomial Distribution
5414,Processing Strings Using Deterministic Finite Automata,76,DSM,DSM.8.2.2,vault/MA/Mathematical-Structures-&-Proof/DSM/8. The Theory of Algorithms/8.2. Finite-State Interceptors/Lessons/8.2.2. Processing Strings Using Deterministic Finite Automata.md,vault/MA/Mathematical-Structures-&-Proof/DSM/8. The Theory of Algorithms/8.2. Finite-State Interceptors/Source/8.2.2. Processing Strings Using Deterministic Finite Automata
5431,"Walks, Paths, and Distances in Directed Graphs",76,DSM,DSM.7.1.3,"vault/MA/Mathematical-Structures-&-Proof/DSM/7. Graph Theory/7.1. Introduction to Graph Theory/Lessons/7.1.3. Walks, Paths, and Distances in Directed Graphs.md","vault/MA/Mathematical-Structures-&-Proof/DSM/7. Graph Theory/7.1. Introduction to Graph Theory/Source/7.1.3. Walks, Paths, and Distances in Directed Graphs"
240,Partitions of Sets,77,MOP,MOP.2.2.3,vault/MA/Mathematical-Structures-&-Proof/MOP/2. Set Theory/2.2. Subsets/Lessons/2.2.3. Partitions of Sets.md,vault/MA/Mathematical-Structures-&-Proof/MOP/2. Set Theory/2.2. Subsets/Source/2.2.3. Partitions of Sets
1260,Subgraphs and Graph Complements,77,DSM,DSM.7.1.6,vault/MA/Mathematical-Structures-&-Proof/DSM/7. Graph Theory/7.1. Introduction to Graph Theory/Lessons/7.1.6. Subgraphs and Graph Complements.md,vault/MA/Mathematical-Structures-&-Proof/DSM/7. Graph Theory/7.1. Introduction to Graph Theory/Source/7.1.6. Subgraphs and Graph Complements
1392,Distance Matrices,77,DSM,DSM.7.4.4,vault/MA/Mathematical-Structures-&-Proof/DSM/7. Graph Theory/7.4. Matrix Representations of Graphs/Lessons/7.4.4. Distance Matrices.md,vault/MA/Mathematical-Structures-&-Proof/DSM/7. Graph Theory/7.4. Matrix Representations of Graphs/Source/7.4.4. Distance Matrices
1673,Incidence Matrices,77,DSM,DSM.7.4.1,vault/MA/Mathematical-Structures-&-Proof/DSM/7. Graph Theory/7.4. Matrix Representations of Graphs/Lessons/7.4.1. Incidence Matrices.md,vault/MA/Mathematical-Structures-&-Proof/DSM/7. Graph Theory/7.4. Matrix Representations of Graphs/Source/7.4.1. Incidence Matrices
1702,Cycles in Graphs,77,DSM,DSM.7.2.1,vault/MA/Mathematical-Structures-&-Proof/DSM/7. Graph Theory/7.2. Connectivity in Graphs/Lessons/7.2.1. Cycles in Graphs.md,vault/MA/Mathematical-Structures-&-Proof/DSM/7. Graph Theory/7.2. Connectivity in Graphs/Source/7.2.1. Cycles in Graphs
2149,Mean and Variance of the Binomial Distribution,77,DSM,DSM.4.4.3,vault/MA/Mathematical-Structures-&-Proof/DSM/4. Probability & Combinatorics/4.4. The Binomial Distribution/Lessons/4.4.3. Mean and Variance of the Binomial Distribution.md,vault/MA/Mathematical-Structures-&-Proof/DSM/4. Probability & Combinatorics/4.4. The Binomial Distribution/Source/4.4.3. Mean and Variance of the Binomial Distribution
2676,The Euclidean Algorithm,77,MOP,MOP.4.1.4,vault/MA/Mathematical-Structures-&-Proof/MOP/4. Discrete Mathematics & Number Theory/4.1. Divisibility/Lessons/4.1.4. The Euclidean Algorithm.md,vault/MA/Mathematical-Structures-&-Proof/MOP/4. Discrete Mathematics & Number Theory/4.1. Divisibility/Source/4.1.4. The Euclidean Algorithm
2757,Adjacency Matrices,77,DSM,DSM.7.4.2,vault/MA/Mathematical-Structures-&-Proof/DSM/7. Graph Theory/7.4. Matrix Representations of Graphs/Lessons/7.4.2. Adjacency Matrices.md,vault/MA/Mathematical-Structures-&-Proof/DSM/7. Graph Theory/7.4. Matrix Representations of Graphs/Source/7.4.2. Adjacency Matrices
2786,Modular Residues,77,MOP,MOP.6.1.3,vault/MA/Mathematical-Structures-&-Proof/MOP/6. Congruence of Integers/6.1. Modular Congruence/Lessons/6.1.3. Modular Residues.md,vault/MA/Mathematical-Structures-&-Proof/MOP/6. Congruence of Integers/6.1. Modular Congruence/Source/6.1.3. Modular Residues
2991,Mean and Variance of the Poisson Distribution,77,DSM,DSM.4.5.3,vault/MA/Mathematical-Structures-&-Proof/DSM/4. Probability & Combinatorics/4.5. The Poisson Distribution/Lessons/4.5.3. Mean and Variance of the Poisson Distribution.md,vault/MA/Mathematical-Structures-&-Proof/DSM/4. Probability & Combinatorics/4.5. The Poisson Distribution/Source/4.5.3. Mean and Variance of the Poisson Distribution
3795,Mealy Machines,77,DSM,DSM.8.1.1,vault/MA/Mathematical-Structures-&-Proof/DSM/8. The Theory of Algorithms/8.1. Finite-State Transducers/Lessons/8.1.1. Mealy Machines.md,vault/MA/Mathematical-Structures-&-Proof/DSM/8. The Theory of Algorithms/8.1. Finite-State Transducers/Source/8.1.1. Mealy Machines
4826,Relations on Infinite Sets,77,MOP,MOP.7.1.2,vault/MA/Mathematical-Structures-&-Proof/MOP/7. Equivalence Relations/7.1. Relations/Lessons/7.1.2. Relations on Infinite Sets.md,vault/MA/Mathematical-Structures-&-Proof/MOP/7. Equivalence Relations/7.1. Relations/Source/7.1.2. Relations on Infinite Sets
51,Power Sets,78,MOP,MOP.2.2.2,vault/MA/Mathematical-Structures-&-Proof/MOP/2. Set Theory/2.2. Subsets/Lessons/2.2.2. Power Sets.md,vault/MA/Mathematical-Structures-&-Proof/MOP/2. Set Theory/2.2. Subsets/Source/2.2.2. Power Sets
1284,Trees and Forests,78,DSM,DSM.7.3.1,vault/MA/Mathematical-Structures-&-Proof/DSM/7. Graph Theory/7.3. Trees/Lessons/7.3.1. Trees and Forests.md,vault/MA/Mathematical-Structures-&-Proof/DSM/7. Graph Theory/7.3. Trees/Source/7.3.1. Trees and Forests
2654,Euler's Totient Function,78,DSM,DSM.3.2.2,vault/MA/Mathematical-Structures-&-Proof/DSM/3. Number Theory/3.2. Fermat and Euler's Theorems/Lessons/3.2.2. Euler's Totient Function.md,vault/MA/Mathematical-Structures-&-Proof/DSM/3. Number Theory/3.2. Fermat and Euler's Theorems/Source/3.2.2. Euler's Totient Function
2655,Residue Classes,78,MOP,MOP.7.2.6,vault/MA/Mathematical-Structures-&-Proof/MOP/7. Equivalence Relations/7.2. Equivalence Relations/Lessons/7.2.6. Residue Classes.md,vault/MA/Mathematical-Structures-&-Proof/MOP/7. Equivalence Relations/7.2. Equivalence Relations/Source/7.2.6. Residue Classes
2674,The Multiplication Properties of Modular Arithmetic,78,MOP,MOP.6.1.4,vault/MA/Mathematical-Structures-&-Proof/MOP/6. Congruence of Integers/6.1. Modular Congruence/Lessons/6.1.4. The Multiplication Properties of Modular Arithmetic.md,vault/MA/Mathematical-Structures-&-Proof/MOP/6. Congruence of Integers/6.1. Modular Congruence/Source/6.1.4. The Multiplication Properties of Modular Arithmetic
2677,The Extended Euclidean Algorithm,78,MOP,MOP.4.1.5,vault/MA/Mathematical-Structures-&-Proof/MOP/4. Discrete Mathematics & Number Theory/4.1. Divisibility/Lessons/4.1.5. The Extended Euclidean Algorithm.md,vault/MA/Mathematical-Structures-&-Proof/MOP/4. Discrete Mathematics & Number Theory/4.1. Divisibility/Source/4.1.5. The Extended Euclidean Algorithm
2735,Additive Inverses Modulo N,78,MOP,MOP.6.2.1,vault/MA/Mathematical-Structures-&-Proof/MOP/6. Congruence of Integers/6.2. Linear Congruences/Lessons/6.2.1. Additive Inverses Modulo N.md,vault/MA/Mathematical-Structures-&-Proof/MOP/6. Congruence of Integers/6.2. Linear Congruences/Source/6.2.1. Additive Inverses Modulo N
2736,Introduction to Cryptography,78,DSM,DSM.3.3.1,vault/MA/Mathematical-Structures-&-Proof/DSM/3. Number Theory/3.3. Cryptography/Lessons/3.3.1. Introduction to Cryptography.md,vault/MA/Mathematical-Structures-&-Proof/DSM/3. Number Theory/3.3. Cryptography/Source/3.3.1. Introduction to Cryptography
2756,Connected Graphs,78,DSM,DSM.7.2.2,vault/MA/Mathematical-Structures-&-Proof/DSM/7. Graph Theory/7.2. Connectivity in Graphs/Lessons/7.2.2. Connected Graphs.md,vault/MA/Mathematical-Structures-&-Proof/DSM/7. Graph Theory/7.2. Connectivity in Graphs/Source/7.2.2. Connected Graphs
2840,The Poisson Approximation of the Binomial Distribution,78,DSM,DSM.4.5.4,vault/MA/Mathematical-Structures-&-Proof/DSM/4. Probability & Combinatorics/4.5. The Poisson Distribution/Lessons/4.5.4. The Poisson Approximation of the Binomial Distribution.md,vault/MA/Mathematical-Structures-&-Proof/DSM/4. Probability & Combinatorics/4.5. The Poisson Distribution/Source/4.5.4. The Poisson Approximation of the Binomial Distribution
3796,Moore Machines,78,DSM,DSM.8.1.2,vault/MA/Mathematical-Structures-&-Proof/DSM/8. The Theory of Algorithms/8.1. Finite-State Transducers/Lessons/8.1.2. Moore Machines.md,vault/MA/Mathematical-Structures-&-Proof/DSM/8. The Theory of Algorithms/8.1. Finite-State Transducers/Source/8.1.2. Moore Machines
3802,Introduction to Turing Machines,78,DSM,DSM.8.3.1,vault/MA/Mathematical-Structures-&-Proof/DSM/8. The Theory of Algorithms/8.3. Turing Machines/Lessons/8.3.1. Introduction to Turing Machines.md,vault/MA/Mathematical-Structures-&-Proof/DSM/8. The Theory of Algorithms/8.3. Turing Machines/Source/8.3.1. Introduction to Turing Machines
4819,The Domain and Range of a Relation,78,MOP,MOP.7.1.3,vault/MA/Mathematical-Structures-&-Proof/MOP/7. Equivalence Relations/7.1. Relations/Lessons/7.1.3. The Domain and Range of a Relation.md,vault/MA/Mathematical-Structures-&-Proof/MOP/7. Equivalence Relations/7.1. Relations/Source/7.1.3. The Domain and Range of a Relation
5415,Adjacency Matrices of Directed Graphs,78,DSM,DSM.7.4.3,vault/MA/Mathematical-Structures-&-Proof/DSM/7. Graph Theory/7.4. Matrix Representations of Graphs/Lessons/7.4.3. Adjacency Matrices of Directed Graphs.md,vault/MA/Mathematical-Structures-&-Proof/DSM/7. Graph Theory/7.4. Matrix Representations of Graphs/Source/7.4.3. Adjacency Matrices of Directed Graphs
5555,Edge and Vertex Connectivity,78,DSM,DSM.7.2.4,vault/MA/Mathematical-Structures-&-Proof/DSM/7. Graph Theory/7.2. Connectivity in Graphs/Lessons/7.2.4. Edge and Vertex Connectivity.md,vault/MA/Mathematical-Structures-&-Proof/DSM/7. Graph Theory/7.2. Connectivity in Graphs/Source/7.2.4. Edge and Vertex Connectivity
5639,Complete and Bipartite Graphs,78,DSM,DSM.7.1.7,vault/MA/Mathematical-Structures-&-Proof/DSM/7. Graph Theory/7.1. Introduction to Graph Theory/Lessons/7.1.7. Complete and Bipartite Graphs.md,vault/MA/Mathematical-Structures-&-Proof/DSM/7. Graph Theory/7.1. Introduction to Graph Theory/Source/7.1.7. Complete and Bipartite Graphs
252,"Converse, Inverse, and Contrapositive",79,MOP,MOP.1.2.5,"vault/MA/Mathematical-Structures-&-Proof/MOP/1. Logic/1.2. Implications and Biconditionals/Lessons/1.2.5. Converse, Inverse, and Contrapositive.md","vault/MA/Mathematical-Structures-&-Proof/MOP/1. Logic/1.2. Implications and Biconditionals/Source/1.2.5. Converse, Inverse, and Contrapositive"
1393,Kruskal's Algorithm,79,DSM,DSM.7.6.2,vault/MA/Mathematical-Structures-&-Proof/DSM/7. Graph Theory/7.6. Algorithms on Graphs/Lessons/7.6.2. Kruskal's Algorithm.md,vault/MA/Mathematical-Structures-&-Proof/DSM/7. Graph Theory/7.6. Algorithms on Graphs/Source/7.6.2. Kruskal's Algorithm
1402,Prim's Algorithm,79,DSM,DSM.7.6.3,vault/MA/Mathematical-Structures-&-Proof/DSM/7. Graph Theory/7.6. Algorithms on Graphs/Lessons/7.6.3. Prim's Algorithm.md,vault/MA/Mathematical-Structures-&-Proof/DSM/7. Graph Theory/7.6. Algorithms on Graphs/Source/7.6.3. Prim's Algorithm
1695,Cut Vertices and Cut Edges,79,DSM,DSM.7.2.3,vault/MA/Mathematical-Structures-&-Proof/DSM/7. Graph Theory/7.2. Connectivity in Graphs/Lessons/7.2.3. Cut Vertices and Cut Edges.md,vault/MA/Mathematical-Structures-&-Proof/DSM/7. Graph Theory/7.2. Connectivity in Graphs/Source/7.2.3. Cut Vertices and Cut Edges
1714,Counting Trees,79,DSM,DSM.7.3.2,vault/MA/Mathematical-Structures-&-Proof/DSM/7. Graph Theory/7.3. Trees/Lessons/7.3.2. Counting Trees.md,vault/MA/Mathematical-Structures-&-Proof/DSM/7. Graph Theory/7.3. Trees/Source/7.3.2. Counting Trees
2675,The Division Properties of Modular Arithmetic,79,MOP,MOP.6.1.5,vault/MA/Mathematical-Structures-&-Proof/MOP/6. Congruence of Integers/6.1. Modular Congruence/Lessons/6.1.5. The Division Properties of Modular Arithmetic.md,vault/MA/Mathematical-Structures-&-Proof/MOP/6. Congruence of Integers/6.1. Modular Congruence/Source/6.1.5. The Division Properties of Modular Arithmetic
2877,The Diffie-Hellman Protocol,79,DSM,DSM.3.3.3,vault/MA/Mathematical-Structures-&-Proof/DSM/3. Number Theory/3.3. Cryptography/Lessons/3.3.3. The Diffie-Hellman Protocol.md,vault/MA/Mathematical-Structures-&-Proof/DSM/3. Number Theory/3.3. Cryptography/Source/3.3.3. The Diffie-Hellman Protocol
2893,Breadth-First Search,79,DSM,DSM.7.6.1,vault/MA/Mathematical-Structures-&-Proof/DSM/7. Graph Theory/7.6. Algorithms on Graphs/Lessons/7.6.1. Breadth-First Search.md,vault/MA/Mathematical-Structures-&-Proof/DSM/7. Graph Theory/7.6. Algorithms on Graphs/Source/7.6.1. Breadth-First Search
3032,Regular Graphs,79,DSM,DSM.7.1.8,vault/MA/Mathematical-Structures-&-Proof/DSM/7. Graph Theory/7.1. Introduction to Graph Theory/Lessons/7.1.8. Regular Graphs.md,vault/MA/Mathematical-Structures-&-Proof/DSM/7. Graph Theory/7.1. Introduction to Graph Theory/Source/7.1.8. Regular Graphs
3082,Linear Diophantine Equations,79,MOP,MOP.4.1.6,vault/MA/Mathematical-Structures-&-Proof/MOP/4. Discrete Mathematics & Number Theory/4.1. Divisibility/Lessons/4.1.6. Linear Diophantine Equations.md,vault/MA/Mathematical-Structures-&-Proof/MOP/4. Discrete Mathematics & Number Theory/4.1. Divisibility/Source/4.1.6. Linear Diophantine Equations
3798,Nondeterministic Finite Automata,79,DSM,DSM.8.2.3,vault/MA/Mathematical-Structures-&-Proof/DSM/8. The Theory of Algorithms/8.2. Finite-State Interceptors/Lessons/8.2.3. Nondeterministic Finite Automata.md,vault/MA/Mathematical-Structures-&-Proof/DSM/8. The Theory of Algorithms/8.2. Finite-State Interceptors/Source/8.2.3. Nondeterministic Finite Automata
3807,Big-Theta Notation,79,DSM,DSM.8.4.3,vault/MA/Mathematical-Structures-&-Proof/DSM/8. The Theory of Algorithms/8.4. Algorithmic Complexity/Lessons/8.4.3. Big-Theta Notation.md,vault/MA/Mathematical-Structures-&-Proof/DSM/8. The Theory of Algorithms/8.4. Algorithmic Complexity/Source/8.4.3. Big-Theta Notation
4818,Multiplicative Inverses Modulo N,79,MOP,MOP.6.2.2,vault/MA/Mathematical-Structures-&-Proof/MOP/6. Congruence of Integers/6.2. Linear Congruences/Lessons/6.2.2. Multiplicative Inverses Modulo N.md,vault/MA/Mathematical-Structures-&-Proof/MOP/6. Congruence of Integers/6.2. Linear Congruences/Source/6.2.2. Multiplicative Inverses Modulo N
4823,The Integers Modulo N,79,MOP,MOP.7.2.8,vault/MA/Mathematical-Structures-&-Proof/MOP/7. Equivalence Relations/7.2. Equivalence Relations/Lessons/7.2.8. The Integers Modulo N.md,vault/MA/Mathematical-Structures-&-Proof/MOP/7. Equivalence Relations/7.2. Equivalence Relations/Source/7.2.8. The Integers Modulo N
4824,N-ary Relations,79,MOP,MOP.7.1.6,vault/MA/Mathematical-Structures-&-Proof/MOP/7. Equivalence Relations/7.1. Relations/Lessons/7.1.6. N-ary Relations.md,vault/MA/Mathematical-Structures-&-Proof/MOP/7. Equivalence Relations/7.1. Relations/Source/7.1.6. N-ary Relations
4837,Graphical Representations of Relations,79,MOP,MOP.7.1.4,vault/MA/Mathematical-Structures-&-Proof/MOP/7. Equivalence Relations/7.1. Relations/Lessons/7.1.4. Graphical Representations of Relations.md,vault/MA/Mathematical-Structures-&-Proof/MOP/7. Equivalence Relations/7.1. Relations/Source/7.1.4. Graphical Representations of Relations
5420,Processing Strings Using Turing Machines,79,DSM,DSM.8.3.2,vault/MA/Mathematical-Structures-&-Proof/DSM/8. The Theory of Algorithms/8.3. Turing Machines/Lessons/8.3.2. Processing Strings Using Turing Machines.md,vault/MA/Mathematical-Structures-&-Proof/DSM/8. The Theory of Algorithms/8.3. Turing Machines/Source/8.3.2. Processing Strings Using Turing Machines
1416,Applying Prim's Algorithm to a Distance Matrix,80,DSM,DSM.7.6.4,vault/MA/Mathematical-Structures-&-Proof/DSM/7. Graph Theory/7.6. Algorithms on Graphs/Lessons/7.6.4. Applying Prim's Algorithm to a Distance Matrix.md,vault/MA/Mathematical-Structures-&-Proof/DSM/7. Graph Theory/7.6. Algorithms on Graphs/Source/7.6.4. Applying Prim's Algorithm to a Distance Matrix
2726,Fermat's Little Theorem,80,DSM,DSM.3.2.1,vault/MA/Mathematical-Structures-&-Proof/DSM/3. Number Theory/3.2. Fermat and Euler's Theorems/Lessons/3.2.1. Fermat's Little Theorem.md,vault/MA/Mathematical-Structures-&-Proof/DSM/3. Number Theory/3.2. Fermat and Euler's Theorems/Source/3.2.1. Fermat's Little Theorem
2895,Shortest Paths in Unweighted Graphs,80,DSM,DSM.7.6.5,vault/MA/Mathematical-Structures-&-Proof/DSM/7. Graph Theory/7.6. Algorithms on Graphs/Lessons/7.6.5. Shortest Paths in Unweighted Graphs.md,vault/MA/Mathematical-Structures-&-Proof/DSM/7. Graph Theory/7.6. Algorithms on Graphs/Source/7.6.5. Shortest Paths in Unweighted Graphs
3814,Nondeterministic Turing Machines,80,DSM,DSM.8.3.3,vault/MA/Mathematical-Structures-&-Proof/DSM/8. The Theory of Algorithms/8.3. Turing Machines/Lessons/8.3.3. Nondeterministic Turing Machines.md,vault/MA/Mathematical-Structures-&-Proof/DSM/8. The Theory of Algorithms/8.3. Turing Machines/Source/8.3.3. Nondeterministic Turing Machines
4820,Reflexive and Irreflexive Relations,80,MOP,MOP.7.2.1,vault/MA/Mathematical-Structures-&-Proof/MOP/7. Equivalence Relations/7.2. Equivalence Relations/Lessons/7.2.1. Reflexive and Irreflexive Relations.md,vault/MA/Mathematical-Structures-&-Proof/MOP/7. Equivalence Relations/7.2. Equivalence Relations/Source/7.2.1. Reflexive and Irreflexive Relations
4821,Symmetric and Antisymmetric Relations,80,MOP,MOP.7.2.2,vault/MA/Mathematical-Structures-&-Proof/MOP/7. Equivalence Relations/7.2. Equivalence Relations/Lessons/7.2.2. Symmetric and Antisymmetric Relations.md,vault/MA/Mathematical-Structures-&-Proof/MOP/7. Equivalence Relations/7.2. Equivalence Relations/Source/7.2.2. Symmetric and Antisymmetric Relations
4825,Functional Relations,80,MOP,MOP.7.1.7,vault/MA/Mathematical-Structures-&-Proof/MOP/7. Equivalence Relations/7.1. Relations/Lessons/7.1.7. Functional Relations.md,vault/MA/Mathematical-Structures-&-Proof/MOP/7. Equivalence Relations/7.1. Relations/Source/7.1.7. Functional Relations
4832,Operations on Relations,80,MOP,MOP.7.1.5,vault/MA/Mathematical-Structures-&-Proof/MOP/7. Equivalence Relations/7.1. Relations/Lessons/7.1.5. Operations on Relations.md,vault/MA/Mathematical-Structures-&-Proof/MOP/7. Equivalence Relations/7.1. Relations/Source/7.1.5. Operations on Relations
4839,Solving Linear Congruences,80,MOP,MOP.6.2.3,vault/MA/Mathematical-Structures-&-Proof/MOP/6. Congruence of Integers/6.2. Linear Congruences/Lessons/6.2.3. Solving Linear Congruences.md,vault/MA/Mathematical-Structures-&-Proof/MOP/6. Congruence of Integers/6.2. Linear Congruences/Source/6.2.3. Solving Linear Congruences
4927,Disproving Implications,80,MOP,MOP.3.1.6,vault/MA/Mathematical-Structures-&-Proof/MOP/3. Mathematical Proof/3.1. Introduction to Mathematical Proof/Lessons/3.1.6. Disproving Implications.md,vault/MA/Mathematical-Structures-&-Proof/MOP/3. Mathematical Proof/3.1. Introduction to Mathematical Proof/Source/3.1.6. Disproving Implications
2727,Euler's Theorem,81,DSM,DSM.3.2.3,vault/MA/Mathematical-Structures-&-Proof/DSM/3. Number Theory/3.2. Fermat and Euler's Theorems/Lessons/3.2.3. Euler's Theorem.md,vault/MA/Mathematical-Structures-&-Proof/DSM/3. Number Theory/3.2. Fermat and Euler's Theorems/Source/3.2.3. Euler's Theorem
2737,Solving Advanced Linear Congruences,81,MOP,MOP.6.2.4,vault/MA/Mathematical-Structures-&-Proof/MOP/6. Congruence of Integers/6.2. Linear Congruences/Lessons/6.2.4. Solving Advanced Linear Congruences.md,vault/MA/Mathematical-Structures-&-Proof/MOP/6. Congruence of Integers/6.2. Linear Congruences/Source/6.2.4. Solving Advanced Linear Congruences
2745,The Linear Cipher,81,DSM,DSM.3.3.2,vault/MA/Mathematical-Structures-&-Proof/DSM/3. Number Theory/3.3. Cryptography/Lessons/3.3.2. The Linear Cipher.md,vault/MA/Mathematical-Structures-&-Proof/DSM/3. Number Theory/3.3. Cryptography/Source/3.3.2. The Linear Cipher
2899,Dijkstra's Algorithm,81,DSM,DSM.7.6.6,vault/MA/Mathematical-Structures-&-Proof/DSM/7. Graph Theory/7.6. Algorithms on Graphs/Lessons/7.6.6. Dijkstra's Algorithm.md,vault/MA/Mathematical-Structures-&-Proof/DSM/7. Graph Theory/7.6. Algorithms on Graphs/Source/7.6.6. Dijkstra's Algorithm
4433,Properties of Integer Divisibility,81,MOP,MOP.4.1.7,vault/MA/Mathematical-Structures-&-Proof/MOP/4. Discrete Mathematics & Number Theory/4.1. Divisibility/Lessons/4.1.7. Properties of Integer Divisibility.md,vault/MA/Mathematical-Structures-&-Proof/MOP/4. Discrete Mathematics & Number Theory/4.1. Divisibility/Source/4.1.7. Properties of Integer Divisibility
4822,Transitive Relations,81,MOP,MOP.7.2.3,vault/MA/Mathematical-Structures-&-Proof/MOP/7. Equivalence Relations/7.2. Equivalence Relations/Lessons/7.2.3. Transitive Relations.md,vault/MA/Mathematical-Structures-&-Proof/MOP/7. Equivalence Relations/7.2. Equivalence Relations/Source/7.2.3. Transitive Relations
1296,Directed Acyclic Graphs,82,DSM,DSM.7.5.1,vault/MA/Mathematical-Structures-&-Proof/DSM/7. Graph Theory/7.5. DAGs and Topological Ordering/Lessons/7.5.1. Directed Acyclic Graphs.md,vault/MA/Mathematical-Structures-&-Proof/DSM/7. Graph Theory/7.5. DAGs and Topological Ordering/Source/7.5.1. Directed Acyclic Graphs
2793,Necessary and Sufficient Conditions,82,MOP,MOP.1.3.6,vault/MA/Mathematical-Structures-&-Proof/MOP/1. Logic/1.3. Predicates/Lessons/1.3.6. Necessary and Sufficient Conditions.md,vault/MA/Mathematical-Structures-&-Proof/MOP/1. Logic/1.3. Predicates/Source/1.3.6. Necessary and Sufficient Conditions
2809,The Chinese Remainder Theorem,82,MOP,MOP.6.2.5,vault/MA/Mathematical-Structures-&-Proof/MOP/6. Congruence of Integers/6.2. Linear Congruences/Lessons/6.2.5. The Chinese Remainder Theorem.md,vault/MA/Mathematical-Structures-&-Proof/MOP/6. Congruence of Integers/6.2. Linear Congruences/Source/6.2.5. The Chinese Remainder Theorem
2869,The RSA Cryptosystem,82,DSM,DSM.3.3.4,vault/MA/Mathematical-Structures-&-Proof/DSM/3. Number Theory/3.3. Cryptography/Lessons/3.3.4. The RSA Cryptosystem.md,vault/MA/Mathematical-Structures-&-Proof/DSM/3. Number Theory/3.3. Cryptography/Source/3.3.4. The RSA Cryptosystem
3779,Boolean Functions And Logical Operations,82,DSM,DSM.2.1.2,vault/MA/Mathematical-Structures-&-Proof/DSM/2. Boolean Algebra/2.1. Boolean Functions/Lessons/2.1.2. Boolean Functions And Logical Operations.md,vault/MA/Mathematical-Structures-&-Proof/DSM/2. Boolean Algebra/2.1. Boolean Functions/Source/2.1.2. Boolean Functions And Logical Operations
3780,Disjunctive Normal Forms,83,DSM,DSM.2.1.3,vault/MA/Mathematical-Structures-&-Proof/DSM/2. Boolean Algebra/2.1. Boolean Functions/Lessons/2.1.3. Disjunctive Normal Forms.md,vault/MA/Mathematical-Structures-&-Proof/DSM/2. Boolean Algebra/2.1. Boolean Functions/Source/2.1.3. Disjunctive Normal Forms
3781,Conjunctive Normal Forms,83,DSM,DSM.2.1.5,vault/MA/Mathematical-Structures-&-Proof/DSM/2. Boolean Algebra/2.1. Boolean Functions/Lessons/2.1.5. Conjunctive Normal Forms.md,vault/MA/Mathematical-Structures-&-Proof/DSM/2. Boolean Algebra/2.1. Boolean Functions/Source/2.1.5. Conjunctive Normal Forms
3785,Self-Dual Boolean Functions,83,DSM,DSM.2.2.2,vault/MA/Mathematical-Structures-&-Proof/DSM/2. Boolean Algebra/2.2. Classes of Boolean Functions/Lessons/2.2.2. Self-Dual Boolean Functions.md,vault/MA/Mathematical-Structures-&-Proof/DSM/2. Boolean Algebra/2.2. Classes of Boolean Functions/Source/2.2.2. Self-Dual Boolean Functions
3786,Monotonic Boolean Functions,83,DSM,DSM.2.2.3,vault/MA/Mathematical-Structures-&-Proof/DSM/2. Boolean Algebra/2.2. Classes of Boolean Functions/Lessons/2.2.3. Monotonic Boolean Functions.md,vault/MA/Mathematical-Structures-&-Proof/DSM/2. Boolean Algebra/2.2. Classes of Boolean Functions/Source/2.2.3. Monotonic Boolean Functions
3788,Functionally Complete Sets,83,DSM,DSM.2.2.5,vault/MA/Mathematical-Structures-&-Proof/DSM/2. Boolean Algebra/2.2. Classes of Boolean Functions/Lessons/2.2.5. Functionally Complete Sets.md,vault/MA/Mathematical-Structures-&-Proof/DSM/2. Boolean Algebra/2.2. Classes of Boolean Functions/Source/2.2.5. Functionally Complete Sets
3789,Introduction to Logic Circuits,83,DSM,DSM.2.3.1,vault/MA/Mathematical-Structures-&-Proof/DSM/2. Boolean Algebra/2.3. Logic Circuits/Lessons/2.3.1. Introduction to Logic Circuits.md,vault/MA/Mathematical-Structures-&-Proof/DSM/2. Boolean Algebra/2.3. Logic Circuits/Source/2.3.1. Introduction to Logic Circuits
3799,The Language of Automata,83,DSM,DSM.8.2.4,vault/MA/Mathematical-Structures-&-Proof/DSM/8. The Theory of Algorithms/8.2. Finite-State Interceptors/Lessons/8.2.4. The Language of Automata.md,vault/MA/Mathematical-Structures-&-Proof/DSM/8. The Theory of Algorithms/8.2. Finite-State Interceptors/Source/8.2.4. The Language of Automata
4302,Simplifying Predicate Expressions Using De Morgan's Laws,83,MOP,MOP.1.3.4,vault/MA/Mathematical-Structures-&-Proof/MOP/1. Logic/1.3. Predicates/Lessons/1.3.4. Simplifying Predicate Expressions Using De Morgan's Laws.md,vault/MA/Mathematical-Structures-&-Proof/MOP/1. Logic/1.3. Predicates/Source/1.3.4. Simplifying Predicate Expressions Using De Morgan's Laws
4422,Grammatical Constructions for Conditional Statements,83,MOP,MOP.1.3.7,vault/MA/Mathematical-Structures-&-Proof/MOP/1. Logic/1.3. Predicates/Lessons/1.3.7. Grammatical Constructions for Conditional Statements.md,vault/MA/Mathematical-Structures-&-Proof/MOP/1. Logic/1.3. Predicates/Source/1.3.7. Grammatical Constructions for Conditional Statements
4928,Properties of Prime Divisibility,83,MOP,MOP.4.1.8,vault/MA/Mathematical-Structures-&-Proof/MOP/4. Discrete Mathematics & Number Theory/4.1. Divisibility/Lessons/4.1.8. Properties of Prime Divisibility.md,vault/MA/Mathematical-Structures-&-Proof/MOP/4. Discrete Mathematics & Number Theory/4.1. Divisibility/Source/4.1.8. Properties of Prime Divisibility
249,Tautologies and Contradictions,84,MOP,MOP.1.2.4,vault/MA/Mathematical-Structures-&-Proof/MOP/1. Logic/1.2. Implications and Biconditionals/Lessons/1.2.4. Tautologies and Contradictions.md,vault/MA/Mathematical-Structures-&-Proof/MOP/1. Logic/1.2. Implications and Biconditionals/Source/1.2.4. Tautologies and Contradictions
2622,Equivalence Relations,84,MOP,MOP.7.2.4,vault/MA/Mathematical-Structures-&-Proof/MOP/7. Equivalence Relations/7.2. Equivalence Relations/Lessons/7.2.4. Equivalence Relations.md,vault/MA/Mathematical-Structures-&-Proof/MOP/7. Equivalence Relations/7.2. Equivalence Relations/Source/7.2.4. Equivalence Relations
2801,Direct Proof,84,MOP,MOP.3.1.1,vault/MA/Mathematical-Structures-&-Proof/MOP/3. Mathematical Proof/3.1. Introduction to Mathematical Proof/Lessons/3.1.1. Direct Proof.md,vault/MA/Mathematical-Structures-&-Proof/MOP/3. Mathematical Proof/3.1. Introduction to Mathematical Proof/Source/3.1.1. Direct Proof
3783,Truth-Preserving Boolean Functions,84,DSM,DSM.2.2.1,vault/MA/Mathematical-Structures-&-Proof/DSM/2. Boolean Algebra/2.2. Classes of Boolean Functions/Lessons/2.2.1. Truth-Preserving Boolean Functions.md,vault/MA/Mathematical-Structures-&-Proof/DSM/2. Boolean Algebra/2.2. Classes of Boolean Functions/Source/2.2.1. Truth-Preserving Boolean Functions
3791,Logic Gates and Combinational Circuits,84,DSM,DSM.2.3.2,vault/MA/Mathematical-Structures-&-Proof/DSM/2. Boolean Algebra/2.3. Logic Circuits/Lessons/2.3.2. Logic Gates and Combinational Circuits.md,vault/MA/Mathematical-Structures-&-Proof/DSM/2. Boolean Algebra/2.3. Logic Circuits/Source/2.3.2. Logic Gates and Combinational Circuits
3793,Simplifying Logical Expressions Using Karnaugh Maps,84,DSM,DSM.2.1.8,vault/MA/Mathematical-Structures-&-Proof/DSM/2. Boolean Algebra/2.1. Boolean Functions/Lessons/2.1.8. Simplifying Logical Expressions Using Karnaugh Maps.md,vault/MA/Mathematical-Structures-&-Proof/DSM/2. Boolean Algebra/2.1. Boolean Functions/Source/2.1.8. Simplifying Logical Expressions Using Karnaugh Maps
3800,Regular Expressions,84,DSM,DSM.8.2.5,vault/MA/Mathematical-Structures-&-Proof/DSM/8. The Theory of Algorithms/8.2. Finite-State Interceptors/Lessons/8.2.5. Regular Expressions.md,vault/MA/Mathematical-Structures-&-Proof/DSM/8. The Theory of Algorithms/8.2. Finite-State Interceptors/Source/8.2.5. Regular Expressions
4258,Negating Statements With Nested Quantifiers,84,MOP,MOP.1.4.5,vault/MA/Mathematical-Structures-&-Proof/MOP/1. Logic/1.4. Quantifiers/Lessons/1.4.5. Negating Statements With Nested Quantifiers.md,vault/MA/Mathematical-Structures-&-Proof/MOP/1. Logic/1.4. Quantifiers/Source/1.4.5. Negating Statements With Nested Quantifiers
5396,Principal Disjunctive Normal Forms,84,DSM,DSM.2.1.4,vault/MA/Mathematical-Structures-&-Proof/DSM/2. Boolean Algebra/2.1. Boolean Functions/Lessons/2.1.4. Principal Disjunctive Normal Forms.md,vault/MA/Mathematical-Structures-&-Proof/DSM/2. Boolean Algebra/2.1. Boolean Functions/Source/2.1.4. Principal Disjunctive Normal Forms
5397,Principal Conjunctive Normal Forms,84,DSM,DSM.2.1.6,vault/MA/Mathematical-Structures-&-Proof/DSM/2. Boolean Algebra/2.1. Boolean Functions/Lessons/2.1.6. Principal Conjunctive Normal Forms.md,vault/MA/Mathematical-Structures-&-Proof/DSM/2. Boolean Algebra/2.1. Boolean Functions/Source/2.1.6. Principal Conjunctive Normal Forms
251,Translating Between Logical and Set Operations,85,MOP,MOP.1.3.8,vault/MA/Mathematical-Structures-&-Proof/MOP/1. Logic/1.3. Predicates/Lessons/1.3.8. Translating Between Logical and Set Operations.md,vault/MA/Mathematical-Structures-&-Proof/MOP/1. Logic/1.3. Predicates/Source/1.3.8. Translating Between Logical and Set Operations
2642,Equivalence Classes,85,MOP,MOP.7.2.7,vault/MA/Mathematical-Structures-&-Proof/MOP/7. Equivalence Relations/7.2. Equivalence Relations/Lessons/7.2.7. Equivalence Classes.md,vault/MA/Mathematical-Structures-&-Proof/MOP/7. Equivalence Relations/7.2. Equivalence Relations/Source/7.2.7. Equivalence Classes
2761,The Pigeonhole Principle,85,DSM,DSM.4.10.7,vault/MA/Mathematical-Structures-&-Proof/DSM/4. Probability & Combinatorics/4.10. Combinatorics/Lessons/4.10.7. The Pigeonhole Principle.md,vault/MA/Mathematical-Structures-&-Proof/DSM/4. Probability & Combinatorics/4.10. Combinatorics/Source/4.10.7. The Pigeonhole Principle
2795,Proving Divisibility,85,MOP,MOP.3.1.3,vault/MA/Mathematical-Structures-&-Proof/MOP/3. Mathematical Proof/3.1. Introduction to Mathematical Proof/Lessons/3.1.3. Proving Divisibility.md,vault/MA/Mathematical-Structures-&-Proof/MOP/3. Mathematical Proof/3.1. Introduction to Mathematical Proof/Source/3.1.3. Proving Divisibility
2807,Proof by Contrapositive,85,MOP,MOP.3.2.1,vault/MA/Mathematical-Structures-&-Proof/MOP/3. Mathematical Proof/3.2. Proof by Contrapositive and Contradiction/Lessons/3.2.1. Proof by Contrapositive.md,vault/MA/Mathematical-Structures-&-Proof/MOP/3. Mathematical Proof/3.2. Proof by Contrapositive and Contradiction/Source/3.2.1. Proof by Contrapositive
3414,Proof by Contradiction,85,MOP,MOP.3.2.4,vault/MA/Mathematical-Structures-&-Proof/MOP/3. Mathematical Proof/3.2. Proof by Contrapositive and Contradiction/Lessons/3.2.4. Proof by Contradiction.md,vault/MA/Mathematical-Structures-&-Proof/MOP/3. Mathematical Proof/3.2. Proof by Contrapositive and Contradiction/Source/3.2.4. Proof by Contradiction
3422,Proving Surjectivity,85,MOP,MOP.5.2.6,vault/MA/Mathematical-Structures-&-Proof/MOP/5. Sequences & Functions/5.2. Functions/Lessons/5.2.6. Proving Surjectivity.md,vault/MA/Mathematical-Structures-&-Proof/MOP/5. Sequences & Functions/5.2. Functions/Source/5.2.6. Proving Surjectivity
3782,Boolean Polynomials,85,DSM,DSM.2.1.7,vault/MA/Mathematical-Structures-&-Proof/DSM/2. Boolean Algebra/2.1. Boolean Functions/Lessons/2.1.7. Boolean Polynomials.md,vault/MA/Mathematical-Structures-&-Proof/DSM/2. Boolean Algebra/2.1. Boolean Functions/Source/2.1.7. Boolean Polynomials
3790,Simplifying Logic Circuits,85,DSM,DSM.2.3.3,vault/MA/Mathematical-Structures-&-Proof/DSM/2. Boolean Algebra/2.3. Logic Circuits/Lessons/2.3.3. Simplifying Logic Circuits.md,vault/MA/Mathematical-Structures-&-Proof/DSM/2. Boolean Algebra/2.3. Logic Circuits/Source/2.3.3. Simplifying Logic Circuits
4423,Prenex Normal Form,85,MOP,MOP.1.4.6,vault/MA/Mathematical-Structures-&-Proof/MOP/1. Logic/1.4. Quantifiers/Lessons/1.4.6. Prenex Normal Form.md,vault/MA/Mathematical-Structures-&-Proof/MOP/1. Logic/1.4. Quantifiers/Source/1.4.6. Prenex Normal Form
4429,Proving Parity,85,MOP,MOP.3.1.2,vault/MA/Mathematical-Structures-&-Proof/MOP/3. Mathematical Proof/3.1. Introduction to Mathematical Proof/Lessons/3.1.2. Proving Parity.md,vault/MA/Mathematical-Structures-&-Proof/MOP/3. Mathematical Proof/3.1. Introduction to Mathematical Proof/Source/3.1.2. Proving Parity
4942,Proving a Relation Is an Equivalence Relation,85,MOP,MOP.7.2.5,vault/MA/Mathematical-Structures-&-Proof/MOP/7. Equivalence Relations/7.2. Equivalence Relations/Lessons/7.2.5. Proving a Relation Is an Equivalence Relation.md,vault/MA/Mathematical-Structures-&-Proof/MOP/7. Equivalence Relations/7.2. Equivalence Relations/Source/7.2.5. Proving a Relation Is an Equivalence Relation
253,Proving Properties of Modular Congruence,86,MOP,MOP.6.1.6,vault/MA/Mathematical-Structures-&-Proof/MOP/6. Congruence of Integers/6.1. Modular Congruence/Lessons/6.1.6. Proving Properties of Modular Congruence.md,vault/MA/Mathematical-Structures-&-Proof/MOP/6. Congruence of Integers/6.1. Modular Congruence/Source/6.1.6. Proving Properties of Modular Congruence
1684,The Handshaking Lemma,86,DSM,DSM.7.1.5,vault/MA/Mathematical-Structures-&-Proof/DSM/7. Graph Theory/7.1. Introduction to Graph Theory/Lessons/7.1.5. The Handshaking Lemma.md,vault/MA/Mathematical-Structures-&-Proof/DSM/7. Graph Theory/7.1. Introduction to Graph Theory/Source/7.1.5. The Handshaking Lemma
2754,Planar Graphs,86,DSM,DSM.7.1.9,vault/MA/Mathematical-Structures-&-Proof/DSM/7. Graph Theory/7.1. Introduction to Graph Theory/Lessons/7.1.9. Planar Graphs.md,vault/MA/Mathematical-Structures-&-Proof/DSM/7. Graph Theory/7.1. Introduction to Graph Theory/Source/7.1.9. Planar Graphs
2808,Proving Divisibility by Contrapositive,86,MOP,MOP.3.2.3,vault/MA/Mathematical-Structures-&-Proof/MOP/3. Mathematical Proof/3.2. Proof by Contrapositive and Contradiction/Lessons/3.2.3. Proving Divisibility by Contrapositive.md,vault/MA/Mathematical-Structures-&-Proof/MOP/3. Mathematical Proof/3.2. Proof by Contrapositive and Contradiction/Source/3.2.3. Proving Divisibility by Contrapositive
3421,Proving Injectivity,86,MOP,MOP.5.2.3,vault/MA/Mathematical-Structures-&-Proof/MOP/5. Sequences & Functions/5.2. Functions/Lessons/5.2.3. Proving Injectivity.md,vault/MA/Mathematical-Structures-&-Proof/MOP/5. Sequences & Functions/5.2. Functions/Source/5.2.3. Proving Injectivity
3425,Cantor's Diagonal Argument,86,MOP,MOP.5.3.4,vault/MA/Mathematical-Structures-&-Proof/MOP/5. Sequences & Functions/5.3. Cardinality/Lessons/5.3.4. Cantor's Diagonal Argument.md,vault/MA/Mathematical-Structures-&-Proof/MOP/5. Sequences & Functions/5.3. Cardinality/Source/5.3.4. Cantor's Diagonal Argument
3787,Affine Boolean Functions,86,DSM,DSM.2.2.4,vault/MA/Mathematical-Structures-&-Proof/DSM/2. Boolean Algebra/2.2. Classes of Boolean Functions/Lessons/2.2.4. Affine Boolean Functions.md,vault/MA/Mathematical-Structures-&-Proof/DSM/2. Boolean Algebra/2.2. Classes of Boolean Functions/Source/2.2.4. Affine Boolean Functions
4432,Proof by Cases,86,MOP,MOP.3.1.4,vault/MA/Mathematical-Structures-&-Proof/MOP/3. Mathematical Proof/3.1. Introduction to Mathematical Proof/Lessons/3.1.4. Proof by Cases.md,vault/MA/Mathematical-Structures-&-Proof/MOP/3. Mathematical Proof/3.1. Introduction to Mathematical Proof/Source/3.1.4. Proof by Cases
4922,Proving Irrationality by Contradiction,86,MOP,MOP.3.2.5,vault/MA/Mathematical-Structures-&-Proof/MOP/3. Mathematical Proof/3.2. Proof by Contrapositive and Contradiction/Lessons/3.2.5. Proving Irrationality by Contradiction.md,vault/MA/Mathematical-Structures-&-Proof/MOP/3. Mathematical Proof/3.2. Proof by Contrapositive and Contradiction/Source/3.2.5. Proving Irrationality by Contradiction
4923,Proving Properties of Irrationals by Contradiction,86,MOP,MOP.3.2.6,vault/MA/Mathematical-Structures-&-Proof/MOP/3. Mathematical Proof/3.2. Proof by Contrapositive and Contradiction/Lessons/3.2.6. Proving Properties of Irrationals by Contradiction.md,vault/MA/Mathematical-Structures-&-Proof/MOP/3. Mathematical Proof/3.2. Proof by Contrapositive and Contradiction/Source/3.2.6. Proving Properties of Irrationals by Contradiction
2799,Proving Congruence by Contrapositive,87,MOP,MOP.6.1.8,vault/MA/Mathematical-Structures-&-Proof/MOP/6. Congruence of Integers/6.1. Modular Congruence/Lessons/6.1.8. Proving Congruence by Contrapositive.md,vault/MA/Mathematical-Structures-&-Proof/MOP/6. Congruence of Integers/6.1. Modular Congruence/Source/6.1.8. Proving Congruence by Contrapositive
3426,The Cantor-Bernstein-Schröder Theorem,87,MOP,MOP.5.3.5,vault/MA/Mathematical-Structures-&-Proof/MOP/5. Sequences & Functions/5.3. Cardinality/Lessons/5.3.5. The Cantor-Bernstein-Schröder Theorem.md,vault/MA/Mathematical-Structures-&-Proof/MOP/5. Sequences & Functions/5.3. Cardinality/Source/5.3.5. The Cantor-Bernstein-Schröder Theorem
4435,Proving Divisibility Using Congruence,87,MOP,MOP.6.1.7,vault/MA/Mathematical-Structures-&-Proof/MOP/6. Congruence of Integers/6.1. Modular Congruence/Lessons/6.1.7. Proving Divisibility Using Congruence.md,vault/MA/Mathematical-Structures-&-Proof/MOP/6. Congruence of Integers/6.1. Modular Congruence/Source/6.1.7. Proving Divisibility Using Congruence
4437,Proving Parity by Contrapositive,87,MOP,MOP.3.2.2,vault/MA/Mathematical-Structures-&-Proof/MOP/3. Mathematical Proof/3.2. Proof by Contrapositive and Contradiction/Lessons/3.2.2. Proving Parity by Contrapositive.md,vault/MA/Mathematical-Structures-&-Proof/MOP/3. Mathematical Proof/3.2. Proof by Contrapositive and Contradiction/Source/3.2.2. Proving Parity by Contrapositive
4941,Proving Properties of Linear Congruences,87,MOP,MOP.6.2.6,vault/MA/Mathematical-Structures-&-Proof/MOP/6. Congruence of Integers/6.2. Linear Congruences/Lessons/6.2.6. Proving Properties of Linear Congruences.md,vault/MA/Mathematical-Structures-&-Proof/MOP/6. Congruence of Integers/6.2. Linear Congruences/Source/6.2.6. Proving Properties of Linear Congruences
5398,Post's Functional Completeness Theorem,87,DSM,DSM.2.2.6,vault/MA/Mathematical-Structures-&-Proof/DSM/2. Boolean Algebra/2.2. Classes of Boolean Functions/Lessons/2.2.6. Post's Functional Completeness Theorem.md,vault/MA/Mathematical-Structures-&-Proof/DSM/2. Boolean Algebra/2.2. Classes of Boolean Functions/Source/2.2.6. Post's Functional Completeness Theorem
3526,Proving Divisibility by Contradiction,88,MOP,MOP.3.2.7,vault/MA/Mathematical-Structures-&-Proof/MOP/3. Mathematical Proof/3.2. Proof by Contrapositive and Contradiction/Lessons/3.2.7. Proving Divisibility by Contradiction.md,vault/MA/Mathematical-Structures-&-Proof/MOP/3. Mathematical Proof/3.2. Proof by Contrapositive and Contradiction/Source/3.2.7. Proving Divisibility by Contradiction
4424,The Cardinality of the Power Set of Natural Numbers,88,MOP,MOP.5.3.6,vault/MA/Mathematical-Structures-&-Proof/MOP/5. Sequences & Functions/5.3. Cardinality/Lessons/5.3.6. The Cardinality of the Power Set of Natural Numbers.md,vault/MA/Mathematical-Structures-&-Proof/MOP/5. Sequences & Functions/5.3. Cardinality/Source/5.3.6. The Cardinality of the Power Set of Natural Numbers
4925,Proving Biconditional Statements,88,MOP,MOP.3.1.8,vault/MA/Mathematical-Structures-&-Proof/MOP/3. Mathematical Proof/3.1. Introduction to Mathematical Proof/Lessons/3.1.8. Proving Biconditional Statements.md,vault/MA/Mathematical-Structures-&-Proof/MOP/3. Mathematical Proof/3.1. Introduction to Mathematical Proof/Source/3.1.8. Proving Biconditional Statements
3428,Cantor's Theorem,89,MOP,MOP.5.3.7,vault/MA/Mathematical-Structures-&-Proof/MOP/5. Sequences & Functions/5.3. Cardinality/Lessons/5.3.7. Cantor's Theorem.md,vault/MA/Mathematical-Structures-&-Proof/MOP/5. Sequences & Functions/5.3. Cardinality/Source/5.3.7. Cantor's Theorem
4924,Proving Subset Relations,89,MOP,MOP.2.2.5,vault/MA/Mathematical-Structures-&-Proof/MOP/2. Set Theory/2.2. Subsets/Lessons/2.2.5. Proving Subset Relations.md,vault/MA/Mathematical-Structures-&-Proof/MOP/2. Set Theory/2.2. Subsets/Source/2.2.5. Proving Subset Relations
5432,Topological Ordering,89,DSM,DSM.7.5.2,vault/MA/Mathematical-Structures-&-Proof/DSM/7. Graph Theory/7.5. DAGs and Topological Ordering/Lessons/7.5.2. Topological Ordering.md,vault/MA/Mathematical-Structures-&-Proof/DSM/7. Graph Theory/7.5. DAGs and Topological Ordering/Source/7.5.2. Topological Ordering
2806,Proving Elementary Properties of Set Operations,90,MOP,MOP.2.4.2,vault/MA/Mathematical-Structures-&-Proof/MOP/2. Set Theory/2.4. Properties of Set Operations/Lessons/2.4.2. Proving Elementary Properties of Set Operations.md,vault/MA/Mathematical-Structures-&-Proof/MOP/2. Set Theory/2.4. Properties of Set Operations/Source/2.4.2. Proving Elementary Properties of Set Operations
5551,Kahn's Algorithm,90,DSM,DSM.7.5.3,vault/MA/Mathematical-Structures-&-Proof/DSM/7. Graph Theory/7.5. DAGs and Topological Ordering/Lessons/7.5.3. Kahn's Algorithm.md,vault/MA/Mathematical-Structures-&-Proof/DSM/7. Graph Theory/7.5. DAGs and Topological Ordering/Source/7.5.3. Kahn's Algorithm
4426,Proving Distributive Properties of Union and Intersection,91,MOP,MOP.2.4.6,vault/MA/Mathematical-Structures-&-Proof/MOP/2. Set Theory/2.4. Properties of Set Operations/Lessons/2.4.6. Proving Distributive Properties of Union and Intersection.md,vault/MA/Mathematical-Structures-&-Proof/MOP/2. Set Theory/2.4. Properties of Set Operations/Source/2.4.6. Proving Distributive Properties of Union and Intersection
4427,Proving De Morgan's Laws for Sets,91,MOP,MOP.2.4.4,vault/MA/Mathematical-Structures-&-Proof/MOP/2. Set Theory/2.4. Properties of Set Operations/Lessons/2.4.4. Proving De Morgan's Laws for Sets.md,vault/MA/Mathematical-Structures-&-Proof/MOP/2. Set Theory/2.4. Properties of Set Operations/Source/2.4.4. Proving De Morgan's Laws for Sets
254,Proving Distributive Properties of the Cartesian Product,92,MOP,MOP.2.4.7,vault/MA/Mathematical-Structures-&-Proof/MOP/2. Set Theory/2.4. Properties of Set Operations/Lessons/2.4.7. Proving Distributive Properties of the Cartesian Product.md,vault/MA/Mathematical-Structures-&-Proof/MOP/2. Set Theory/2.4. Properties of Set Operations/Source/2.4.7. Proving Distributive Properties of the Cartesian Product
