queue-order,layer,role,topic-id,topic-number,topic-name,question-number,question-id,original-question-type,current-quiz-type,occurrences,placements,action,keyboard-answer
1,18,prerequisite,323,3.2.8,Fractions of Fractions,1,2213,multiple-choice,radio,1,vault/253/M-2/OHW-2/Prerequisites/Fractions of Fractions - 323.md,retain-genuine-mcq,
2,18,prerequisite,323,3.2.8,Fractions of Fractions,2,6183,multiple-choice,radio,1,vault/253/M-2/OHW-2/Prerequisites/Fractions of Fractions - 323.md,retain-genuine-mcq,
3,18,prerequisite,323,3.2.8,Fractions of Fractions,3,6181,multiple-choice,radio,1,vault/253/M-2/OHW-2/Prerequisites/Fractions of Fractions - 323.md,retain-genuine-mcq,
4,18,prerequisite,323,3.2.8,Fractions of Fractions,4,43479,multiple-choice,radio,1,vault/253/M-2/OHW-2/Prerequisites/Fractions of Fractions - 323.md,retain-genuine-mcq,
5,18,prerequisite,323,3.2.8,Fractions of Fractions,5,44070,multiple-choice,radio,1,vault/253/M-2/OHW-2/Prerequisites/Fractions of Fractions - 323.md,retain-genuine-mcq,
6,18,prerequisite,323,3.2.8,Fractions of Fractions,6,2220,multiple-choice,radio,1,vault/253/M-2/OHW-2/Prerequisites/Fractions of Fractions - 323.md,retain-genuine-mcq,
7,18,prerequisite,323,3.2.8,Fractions of Fractions,7,43487,multiple-choice,radio,1,vault/253/M-2/OHW-2/Prerequisites/Fractions of Fractions - 323.md,retain-genuine-mcq,
8,18,prerequisite,323,3.2.8,Fractions of Fractions,8,43488,multiple-choice,radio,1,vault/253/M-2/OHW-2/Prerequisites/Fractions of Fractions - 323.md,retain-genuine-mcq,
9,18,prerequisite,323,3.2.8,Fractions of Fractions,9,44064,multiple-choice,radio,1,vault/253/M-2/OHW-2/Prerequisites/Fractions of Fractions - 323.md,retain-genuine-mcq,
10,25,lesson,1226,7.1.2,Recursive Sequences,2,217094,free-response,radio,2,vault/253/M-2/WHW-2/Lessons/Recursive Sequences - 1226.md;vault/253/M-5/OHW-10/Lessons/Recursive Sequences - 1226.md,convert-to-free,-4
11,25,lesson,1226,7.1.2,Recursive Sequences,6,217109,free-response,radio,2,vault/253/M-2/WHW-2/Lessons/Recursive Sequences - 1226.md;vault/253/M-5/OHW-10/Lessons/Recursive Sequences - 1226.md,convert-to-free,7
12,25,lesson,1226,7.1.2,Recursive Sequences,8,217120,free-response,radio,2,vault/253/M-2/WHW-2/Lessons/Recursive Sequences - 1226.md;vault/253/M-5/OHW-10/Lessons/Recursive Sequences - 1226.md,convert-to-free,18
13,25,lesson,1226,7.1.2,Recursive Sequences,10,217141,free-response,radio,2,vault/253/M-2/WHW-2/Lessons/Recursive Sequences - 1226.md;vault/253/M-5/OHW-10/Lessons/Recursive Sequences - 1226.md,convert-to-free,"1/2, 20"
14,25,prerequisite,667,7.2.1,Arithmetic Sequences,1,214150,free-response,radio,2,vault/253/M-2/OHW-2/Prerequisites/Arithmetic Sequences - 667.md;vault/253/M-2/WHW-2/Prerequisites/Arithmetic Sequences - 667.md,convert-to-free,6
15,25,prerequisite,667,7.2.1,Arithmetic Sequences,3,215846,free-response,radio,2,vault/253/M-2/OHW-2/Prerequisites/Arithmetic Sequences - 667.md;vault/253/M-2/WHW-2/Prerequisites/Arithmetic Sequences - 667.md,convert-to-free,7/2
16,25,prerequisite,667,7.2.1,Arithmetic Sequences,7,214151,free-response,radio,2,vault/253/M-2/OHW-2/Prerequisites/Arithmetic Sequences - 667.md;vault/253/M-2/WHW-2/Prerequisites/Arithmetic Sequences - 667.md,convert-to-free,35
17,25,prerequisite,667,7.2.1,Arithmetic Sequences,8,215860,free-response,radio,2,vault/253/M-2/OHW-2/Prerequisites/Arithmetic Sequences - 667.md;vault/253/M-2/WHW-2/Prerequisites/Arithmetic Sequences - 667.md,convert-to-free,18
18,26,prerequisite,668,7.2.3,The Nth Term of an Arithmetic Sequence,2,214167,free-response,radio,2,vault/253/M-2/OHW-2/Prerequisites/The Nth Term of an Arithmetic Sequence - 668.md;vault/253/M-2/WHW-2/Prerequisites/The Nth Term of an Arithmetic Sequence - 668.md,convert-to-free,6n - 3
19,26,prerequisite,668,7.2.3,The Nth Term of an Arithmetic Sequence,3,236449,free-response,radio,2,vault/253/M-2/OHW-2/Prerequisites/The Nth Term of an Arithmetic Sequence - 668.md;vault/253/M-2/WHW-2/Prerequisites/The Nth Term of an Arithmetic Sequence - 668.md,convert-to-free,2n - 5
20,26,prerequisite,668,7.2.3,The Nth Term of an Arithmetic Sequence,6,236630,free-response,radio,2,vault/253/M-2/OHW-2/Prerequisites/The Nth Term of an Arithmetic Sequence - 668.md;vault/253/M-2/WHW-2/Prerequisites/The Nth Term of an Arithmetic Sequence - 668.md,convert-to-free,98
21,26,prerequisite,668,7.2.3,The Nth Term of an Arithmetic Sequence,7,236646,free-response,radio,2,vault/253/M-2/OHW-2/Prerequisites/The Nth Term of an Arithmetic Sequence - 668.md;vault/253/M-2/WHW-2/Prerequisites/The Nth Term of an Arithmetic Sequence - 668.md,convert-to-free,3n - 8
22,26,prerequisite,1818,7.3.2,The Recursive Formula for a Geometric Sequence,2,249792,free-response,radio,1,vault/253/M-2/WHW-2/Prerequisites/The Recursive Formula for a Geometric Sequence - 1818.md,convert-to-free,"(4/5)a_n, 100"
23,26,prerequisite,1818,7.3.2,The Recursive Formula for a Geometric Sequence,3,249795,free-response,radio,1,vault/253/M-2/WHW-2/Prerequisites/The Recursive Formula for a Geometric Sequence - 1818.md,convert-to-free,"(-2/3)a_n, 243"
24,26,prerequisite,1818,7.3.2,The Recursive Formula for a Geometric Sequence,4,233046,free-response,radio,1,vault/253/M-2/WHW-2/Prerequisites/The Recursive Formula for a Geometric Sequence - 1818.md,convert-to-free,25
25,26,prerequisite,1818,7.3.2,The Recursive Formula for a Geometric Sequence,5,249805,free-response,radio,1,vault/253/M-2/WHW-2/Prerequisites/The Recursive Formula for a Geometric Sequence - 1818.md,convert-to-free,4
26,26,prerequisite,1818,7.3.2,The Recursive Formula for a Geometric Sequence,8,233070,free-response,radio,1,vault/253/M-2/WHW-2/Prerequisites/The Recursive Formula for a Geometric Sequence - 1818.md,convert-to-free,-4
27,27,prerequisite,1428,10.1.5,The Power of Quotient Rule With Algebraic Expressions,1,22467,multiple-choice,radio,1,vault/253/M-2/OHW-2/Prerequisites/The Power of Quotient Rule With Algebraic Expressions - 1428.md,retain-genuine-mcq,
28,27,prerequisite,1428,10.1.5,The Power of Quotient Rule With Algebraic Expressions,2,22468,multiple-choice,radio,1,vault/253/M-2/OHW-2/Prerequisites/The Power of Quotient Rule With Algebraic Expressions - 1428.md,retain-genuine-mcq,
29,27,prerequisite,1428,10.1.5,The Power of Quotient Rule With Algebraic Expressions,3,60599,multiple-choice,radio,1,vault/253/M-2/OHW-2/Prerequisites/The Power of Quotient Rule With Algebraic Expressions - 1428.md,retain-genuine-mcq,
30,27,prerequisite,1428,10.1.5,The Power of Quotient Rule With Algebraic Expressions,4,22531,multiple-choice,radio,1,vault/253/M-2/OHW-2/Prerequisites/The Power of Quotient Rule With Algebraic Expressions - 1428.md,retain-genuine-mcq,
31,29,prerequisite,4034,5.6.7,Further Solving Linear Inequalities,1,6283,multiple-choice,radio,1,vault/253/M-2/OHW-2/Prerequisites/Further Solving Linear Inequalities - 4034.md,retain-genuine-mcq,
32,29,prerequisite,4034,5.6.7,Further Solving Linear Inequalities,3,101951,multiple-choice,radio,1,vault/253/M-2/OHW-2/Prerequisites/Further Solving Linear Inequalities - 4034.md,retain-genuine-mcq,
33,29,prerequisite,4034,5.6.7,Further Solving Linear Inequalities,4,101941,multiple-choice,radio,1,vault/253/M-2/OHW-2/Prerequisites/Further Solving Linear Inequalities - 4034.md,retain-genuine-mcq,
34,29,prerequisite,4034,5.6.7,Further Solving Linear Inequalities,5,29065,multiple-choice,radio,1,vault/253/M-2/OHW-2/Prerequisites/Further Solving Linear Inequalities - 4034.md,retain-genuine-mcq,
35,29,prerequisite,4034,5.6.7,Further Solving Linear Inequalities,6,3021,multiple-choice,radio,1,vault/253/M-2/OHW-2/Prerequisites/Further Solving Linear Inequalities - 4034.md,retain-genuine-mcq,
36,29,prerequisite,4034,5.6.7,Further Solving Linear Inequalities,7,153615,multiple-choice,radio,1,vault/253/M-2/OHW-2/Prerequisites/Further Solving Linear Inequalities - 4034.md,retain-genuine-mcq,
37,29,prerequisite,4034,5.6.7,Further Solving Linear Inequalities,8,153617,multiple-choice,radio,1,vault/253/M-2/OHW-2/Prerequisites/Further Solving Linear Inequalities - 4034.md,retain-genuine-mcq,
38,30,prerequisite,3764,1.1.3,The Special Case of the Binomial Theorem,2,234001,free-response,radio,1,vault/253/M-5/OHW-10/Prerequisites/The Special Case of the Binomial Theorem - 3764.md,convert-to-free,"2, 9/5"
39,30,prerequisite,3764,1.1.3,The Special Case of the Binomial Theorem,3,234002,free-response,radio,1,vault/253/M-5/OHW-10/Prerequisites/The Special Case of the Binomial Theorem - 3764.md,convert-to-free,1 - 48t + 960t^2
40,30,prerequisite,3764,1.1.3,The Special Case of the Binomial Theorem,6,250997,free-response,radio,1,vault/253/M-5/OHW-10/Prerequisites/The Special Case of the Binomial Theorem - 3764.md,convert-to-free,3840
41,31,prerequisite,1158,1.1.4,Approximating Values Using the Binomial Theorem,2,234173,free-response,radio,1,vault/253/M-5/OHW-10/Prerequisites/Approximating Values Using the Binomial Theorem - 1158.md,convert-to-free,1.17165
42,31,prerequisite,1158,1.1.4,Approximating Values Using the Binomial Theorem,3,234174,free-response,radio,1,vault/253/M-5/OHW-10/Prerequisites/Approximating Values Using the Binomial Theorem - 1158.md,convert-to-free,0.762
43,31,prerequisite,1158,1.1.4,Approximating Values Using the Binomial Theorem,6,235253,free-response,radio,1,vault/253/M-5/OHW-10/Prerequisites/Approximating Values Using the Binomial Theorem - 1158.md,convert-to-free,74902.81
44,31,prerequisite,1158,1.1.4,Approximating Values Using the Binomial Theorem,7,266369,free-response,radio,1,vault/253/M-5/OHW-10/Prerequisites/Approximating Values Using the Binomial Theorem - 1158.md,convert-to-free,1.53
45,31,prerequisite,1158,1.1.4,Approximating Values Using the Binomial Theorem,9,266378,free-response,radio,1,vault/253/M-5/OHW-10/Prerequisites/Approximating Values Using the Binomial Theorem - 1158.md,convert-to-free,4.52
46,36,prerequisite,3355,2.1.9,Solving Rational Inequalities,1,38484,multiple-choice,radio,1,vault/253/M-2/OHW-2/Prerequisites/Solving Rational Inequalities - 3355.md,retain-genuine-mcq,
47,36,prerequisite,3355,2.1.9,Solving Rational Inequalities,2,38470,multiple-choice,radio,1,vault/253/M-2/OHW-2/Prerequisites/Solving Rational Inequalities - 3355.md,retain-genuine-mcq,
48,36,prerequisite,3355,2.1.9,Solving Rational Inequalities,3,88715,multiple-choice,radio,1,vault/253/M-2/OHW-2/Prerequisites/Solving Rational Inequalities - 3355.md,retain-genuine-mcq,
49,36,prerequisite,3355,2.1.9,Solving Rational Inequalities,4,38472,multiple-choice,radio,1,vault/253/M-2/OHW-2/Prerequisites/Solving Rational Inequalities - 3355.md,retain-genuine-mcq,
50,36,prerequisite,3355,2.1.9,Solving Rational Inequalities,5,38509,multiple-choice,radio,1,vault/253/M-2/OHW-2/Prerequisites/Solving Rational Inequalities - 3355.md,retain-genuine-mcq,
51,36,prerequisite,3355,2.1.9,Solving Rational Inequalities,6,88825,multiple-choice,radio,1,vault/253/M-2/OHW-2/Prerequisites/Solving Rational Inequalities - 3355.md,retain-genuine-mcq,
52,71,lesson,1173,4.5.3,The Remainder Estimate for the Integral Test,6,138974,multiple-choice,radio,1,vault/253/M-3/OHW-4/Lessons/The Remainder Estimate for the Integral Test - 1173.md,retain-genuine-mcq,
